CREATE DATABASE  IF NOT EXISTS `marine` /*!40100 DEFAULT CHARACTER SET utf8mb4 COLLATE utf8mb4_unicode_ci */;
USE `marine`;
-- MySQL dump 10.13  Distrib 5.7.17, for macos10.12 (x86_64)
--
-- Host: localhost    Database: marine
-- ------------------------------------------------------
-- Server version	5.6.37

/*!40101 SET @OLD_CHARACTER_SET_CLIENT=@@CHARACTER_SET_CLIENT */;
/*!40101 SET @OLD_CHARACTER_SET_RESULTS=@@CHARACTER_SET_RESULTS */;
/*!40101 SET @OLD_COLLATION_CONNECTION=@@COLLATION_CONNECTION */;
/*!40101 SET NAMES utf8 */;
/*!40103 SET @OLD_TIME_ZONE=@@TIME_ZONE */;
/*!40103 SET TIME_ZONE='+00:00' */;
/*!40014 SET @OLD_UNIQUE_CHECKS=@@UNIQUE_CHECKS, UNIQUE_CHECKS=0 */;
/*!40014 SET @OLD_FOREIGN_KEY_CHECKS=@@FOREIGN_KEY_CHECKS, FOREIGN_KEY_CHECKS=0 */;
/*!40101 SET @OLD_SQL_MODE=@@SQL_MODE, SQL_MODE='NO_AUTO_VALUE_ON_ZERO' */;
/*!40111 SET @OLD_SQL_NOTES=@@SQL_NOTES, SQL_NOTES=0 */;

--
-- Table structure for table `clients`
--

DROP TABLE IF EXISTS `clients`;
/*!40101 SET @saved_cs_client     = @@character_set_client */;
/*!40101 SET character_set_client = utf8 */;
CREATE TABLE `clients` (
  `id` int(11) NOT NULL AUTO_INCREMENT,
  `ip` varchar(15) COLLATE utf8_unicode_ci NOT NULL,
  PRIMARY KEY (`id`),
  UNIQUE KEY `clients_ip_unique` (`ip`),
  KEY `clients_ip_index` (`ip`)
) ENGINE=InnoDB AUTO_INCREMENT=3 DEFAULT CHARSET=utf8 COLLATE=utf8_unicode_ci;
/*!40101 SET character_set_client = @saved_cs_client */;

--
-- Dumping data for table `clients`
--

LOCK TABLES `clients` WRITE;
/*!40000 ALTER TABLE `clients` DISABLE KEYS */;
INSERT INTO `clients` VALUES (2,'10.0.0.1'),(1,'127.0.0.1');
/*!40000 ALTER TABLE `clients` ENABLE KEYS */;
UNLOCK TABLES;

--
-- Table structure for table `migrations`
--

DROP TABLE IF EXISTS `migrations`;
/*!40101 SET @saved_cs_client     = @@character_set_client */;
/*!40101 SET character_set_client = utf8 */;
CREATE TABLE `migrations` (
  `id` int(10) unsigned NOT NULL AUTO_INCREMENT,
  `migration` varchar(255) COLLATE utf8mb4_unicode_ci NOT NULL,
  `batch` int(11) NOT NULL,
  PRIMARY KEY (`id`)
) ENGINE=InnoDB AUTO_INCREMENT=25 DEFAULT CHARSET=utf8mb4 COLLATE=utf8mb4_unicode_ci;
/*!40101 SET character_set_client = @saved_cs_client */;

--
-- Dumping data for table `migrations`
--

LOCK TABLES `migrations` WRITE;
/*!40000 ALTER TABLE `migrations` DISABLE KEYS */;
INSERT INTO `migrations` VALUES (19,'2017_10_30_084332_create_vessels_table',1),(20,'2017_10_30_111506_create_vessel_tracks_table',1),(21,'2017_10_30_145220_create_clients_table',1),(22,'2017_10_30_145959_create_searches_table',1),(23,'2017_10_30_193940_create_search_vessel_table',1),(24,'2017_10_31_194138_create_search_vessel_track_table',1);
/*!40000 ALTER TABLE `migrations` ENABLE KEYS */;
UNLOCK TABLES;

--
-- Table structure for table `search_vessel`
--

DROP TABLE IF EXISTS `search_vessel`;
/*!40101 SET @saved_cs_client     = @@character_set_client */;
/*!40101 SET character_set_client = utf8 */;
CREATE TABLE `search_vessel` (
  `id` int(11) NOT NULL AUTO_INCREMENT,
  `search_id` int(11) NOT NULL,
  `vessel_id` int(11) NOT NULL,
  PRIMARY KEY (`id`),
  KEY `search_vessel_search_id_index` (`search_id`),
  KEY `search_vessel_vessel_id_index` (`vessel_id`),
  CONSTRAINT `search_vessel_search_id_foreign` FOREIGN KEY (`search_id`) REFERENCES `searches` (`id`) ON DELETE CASCADE,
  CONSTRAINT `search_vessel_vessel_id_foreign` FOREIGN KEY (`vessel_id`) REFERENCES `vessels` (`id`) ON DELETE CASCADE
) ENGINE=InnoDB AUTO_INCREMENT=32 DEFAULT CHARSET=utf8 COLLATE=utf8_unicode_ci;
/*!40101 SET character_set_client = @saved_cs_client */;

--
-- Dumping data for table `search_vessel`
--

LOCK TABLES `search_vessel` WRITE;
/*!40000 ALTER TABLE `search_vessel` DISABLE KEYS */;
INSERT INTO `search_vessel` VALUES (21,11,2),(22,11,3),(23,12,2),(24,12,3),(25,13,2),(26,13,3),(27,14,3),(28,15,3),(29,16,3),(30,17,2),(31,17,3);
/*!40000 ALTER TABLE `search_vessel` ENABLE KEYS */;
UNLOCK TABLES;

--
-- Table structure for table `search_vessel_track`
--

DROP TABLE IF EXISTS `search_vessel_track`;
/*!40101 SET @saved_cs_client     = @@character_set_client */;
/*!40101 SET character_set_client = utf8 */;
CREATE TABLE `search_vessel_track` (
  `id` int(11) NOT NULL AUTO_INCREMENT,
  `search_id` int(11) NOT NULL,
  `vessel_track_id` int(11) NOT NULL,
  PRIMARY KEY (`id`),
  KEY `search_vessel_track_search_id_index` (`search_id`),
  KEY `search_vessel_track_vessel_track_id_index` (`vessel_track_id`),
  CONSTRAINT `search_vessel_track_search_id_foreign` FOREIGN KEY (`search_id`) REFERENCES `searches` (`id`) ON DELETE CASCADE,
  CONSTRAINT `search_vessel_track_vessel_track_id_foreign` FOREIGN KEY (`vessel_track_id`) REFERENCES `vessel_tracks` (`id`) ON DELETE CASCADE
) ENGINE=InnoDB AUTO_INCREMENT=1565 DEFAULT CHARSET=utf8 COLLATE=utf8_unicode_ci;
/*!40101 SET character_set_client = @saved_cs_client */;

--
-- Dumping data for table `search_vessel_track`
--

LOCK TABLES `search_vessel_track` WRITE;
/*!40000 ALTER TABLE `search_vessel_track` DISABLE KEYS */;
INSERT INTO `search_vessel_track` VALUES (921,11,2542),(922,11,2543),(923,11,2545),(924,11,2546),(925,11,2547),(926,11,2548),(927,11,2550),(928,11,2552),(929,11,2553),(930,11,2554),(931,11,2556),(932,11,2558),(933,11,2560),(934,11,2561),(935,11,2563),(936,11,2564),(937,11,2565),(938,11,2566),(939,11,2567),(940,11,2568),(941,11,2569),(942,11,2570),(943,11,2571),(944,11,2572),(945,11,2574),(946,11,2576),(947,11,2577),(948,11,2579),(949,11,2580),(950,11,2581),(951,11,2583),(952,11,2584),(953,11,2585),(954,11,2586),(955,11,2587),(956,11,2588),(957,11,2589),(958,11,2590),(959,11,2591),(960,11,2592),(961,11,2593),(962,11,2595),(963,11,2596),(964,11,2598),(965,11,2599),(966,11,2600),(967,11,2601),(968,11,2603),(969,11,2605),(970,11,2606),(971,11,2607),(972,11,2608),(973,11,2609),(974,11,2610),(975,11,2611),(976,11,2613),(977,11,2614),(978,11,2615),(979,11,2616),(980,11,2618),(981,11,2619),(982,11,2620),(983,11,2621),(984,11,2622),(985,11,2624),(986,11,2626),(987,11,2627),(988,11,2628),(989,11,2630),(990,11,2632),(991,11,2633),(992,11,2634),(993,11,2635),(994,11,2636),(995,11,2638),(996,11,2639),(997,11,2640),(998,11,2641),(999,11,2642),(1000,11,2643),(1001,11,2645),(1002,11,2647),(1003,11,2649),(1004,11,2655),(1005,11,2656),(1006,11,2658),(1007,11,2664),(1008,11,2666),(1009,11,2663),(1010,11,2667),(1011,11,2668),(1012,11,2677),(1013,12,2542),(1014,12,2543),(1015,12,2545),(1016,12,2546),(1017,12,2547),(1018,12,2548),(1019,12,2550),(1020,12,2552),(1021,12,2553),(1022,12,2554),(1023,12,2556),(1024,12,2558),(1025,12,2560),(1026,12,2561),(1027,12,2563),(1028,12,2564),(1029,12,2565),(1030,12,2566),(1031,12,2567),(1032,12,2568),(1033,12,2569),(1034,12,2570),(1035,12,2571),(1036,12,2572),(1037,12,2574),(1038,12,2576),(1039,12,2577),(1040,12,2579),(1041,12,2580),(1042,12,2581),(1043,12,2583),(1044,12,2584),(1045,12,2585),(1046,12,2586),(1047,12,2587),(1048,12,2588),(1049,12,2589),(1050,12,2590),(1051,12,2591),(1052,12,2592),(1053,12,2593),(1054,12,2595),(1055,12,2596),(1056,12,2598),(1057,12,2599),(1058,12,2600),(1059,12,2601),(1060,12,2603),(1061,12,2605),(1062,12,2606),(1063,12,2607),(1064,12,2608),(1065,12,2609),(1066,12,2610),(1067,12,2611),(1068,12,2613),(1069,12,2614),(1070,12,2615),(1071,12,2616),(1072,12,2618),(1073,12,2619),(1074,12,2620),(1075,12,2621),(1076,12,2622),(1077,12,2624),(1078,12,2626),(1079,12,2627),(1080,12,2628),(1081,12,2630),(1082,12,2632),(1083,12,2633),(1084,12,2634),(1085,12,2635),(1086,12,2636),(1087,12,2638),(1088,12,2639),(1089,12,2640),(1090,12,2641),(1091,12,2642),(1092,12,2643),(1093,12,2645),(1094,12,2647),(1095,12,2649),(1096,12,2655),(1097,12,2656),(1098,12,2658),(1099,12,2664),(1100,12,2666),(1101,12,2663),(1102,12,2667),(1103,12,2668),(1104,12,2677),(1105,13,2542),(1106,13,2543),(1107,13,2545),(1108,13,2546),(1109,13,2547),(1110,13,2548),(1111,13,2550),(1112,13,2552),(1113,13,2553),(1114,13,2554),(1115,13,2556),(1116,13,2558),(1117,13,2560),(1118,13,2561),(1119,13,2563),(1120,13,2564),(1121,13,2565),(1122,13,2566),(1123,13,2567),(1124,13,2568),(1125,13,2569),(1126,13,2570),(1127,13,2571),(1128,13,2572),(1129,13,2574),(1130,13,2576),(1131,13,2577),(1132,13,2579),(1133,13,2580),(1134,13,2581),(1135,13,2583),(1136,13,2584),(1137,13,2585),(1138,13,2586),(1139,13,2587),(1140,13,2588),(1141,13,2589),(1142,13,2590),(1143,13,2591),(1144,13,2592),(1145,13,2593),(1146,13,2595),(1147,13,2596),(1148,13,2598),(1149,13,2599),(1150,13,2600),(1151,13,2601),(1152,13,2603),(1153,13,2605),(1154,13,2606),(1155,13,2607),(1156,13,2608),(1157,13,2609),(1158,13,2610),(1159,13,2611),(1160,13,2613),(1161,13,2614),(1162,13,2615),(1163,13,2616),(1164,13,2618),(1165,13,2619),(1166,13,2620),(1167,13,2621),(1168,13,2622),(1169,13,2624),(1170,13,2626),(1171,13,2627),(1172,13,2628),(1173,13,2630),(1174,13,2632),(1175,13,2633),(1176,13,2634),(1177,13,2635),(1178,13,2636),(1179,13,2638),(1180,13,2639),(1181,13,2640),(1182,13,2641),(1183,13,2642),(1184,13,2643),(1185,13,2645),(1186,13,2647),(1187,13,2649),(1188,13,2655),(1189,13,2656),(1190,13,2658),(1191,13,2664),(1192,13,2666),(1193,13,2663),(1194,13,2667),(1195,13,2668),(1196,13,2677),(1197,14,2542),(1198,14,2543),(1199,14,2545),(1200,14,2546),(1201,14,2547),(1202,14,2548),(1203,14,2550),(1204,14,2552),(1205,14,2553),(1206,14,2554),(1207,14,2556),(1208,14,2558),(1209,14,2560),(1210,14,2561),(1211,14,2563),(1212,14,2564),(1213,14,2565),(1214,14,2566),(1215,14,2567),(1216,14,2568),(1217,14,2569),(1218,14,2570),(1219,14,2571),(1220,14,2572),(1221,14,2574),(1222,14,2576),(1223,14,2577),(1224,14,2579),(1225,14,2580),(1226,14,2581),(1227,14,2583),(1228,14,2584),(1229,14,2585),(1230,14,2586),(1231,14,2587),(1232,14,2588),(1233,14,2589),(1234,14,2590),(1235,14,2591),(1236,14,2592),(1237,14,2593),(1238,14,2595),(1239,14,2596),(1240,14,2598),(1241,14,2599),(1242,14,2600),(1243,14,2601),(1244,14,2603),(1245,14,2605),(1246,14,2606),(1247,14,2607),(1248,14,2608),(1249,14,2609),(1250,14,2610),(1251,14,2611),(1252,14,2613),(1253,14,2614),(1254,14,2615),(1255,14,2616),(1256,14,2618),(1257,14,2619),(1258,14,2620),(1259,14,2621),(1260,14,2622),(1261,14,2624),(1262,14,2626),(1263,14,2627),(1264,14,2628),(1265,14,2630),(1266,14,2632),(1267,14,2633),(1268,14,2634),(1269,14,2635),(1270,14,2636),(1271,14,2638),(1272,14,2639),(1273,14,2640),(1274,14,2641),(1275,14,2642),(1276,14,2643),(1277,14,2645),(1278,14,2647),(1279,14,2649),(1280,14,2655),(1281,14,2656),(1282,14,2658),(1283,14,2663),(1284,14,2664),(1285,14,2666),(1286,14,2667),(1287,14,2668),(1288,14,2677),(1289,15,2542),(1290,15,2543),(1291,15,2545),(1292,15,2546),(1293,15,2547),(1294,15,2548),(1295,15,2550),(1296,15,2552),(1297,15,2553),(1298,15,2554),(1299,15,2556),(1300,15,2558),(1301,15,2560),(1302,15,2561),(1303,15,2563),(1304,15,2564),(1305,15,2565),(1306,15,2566),(1307,15,2567),(1308,15,2568),(1309,15,2569),(1310,15,2570),(1311,15,2571),(1312,15,2572),(1313,15,2574),(1314,15,2576),(1315,15,2577),(1316,15,2579),(1317,15,2580),(1318,15,2581),(1319,15,2583),(1320,15,2584),(1321,15,2585),(1322,15,2586),(1323,15,2587),(1324,15,2588),(1325,15,2589),(1326,15,2590),(1327,15,2591),(1328,15,2592),(1329,15,2593),(1330,15,2595),(1331,15,2596),(1332,15,2598),(1333,15,2599),(1334,15,2600),(1335,15,2601),(1336,15,2603),(1337,15,2605),(1338,15,2606),(1339,15,2607),(1340,15,2608),(1341,15,2609),(1342,15,2610),(1343,15,2611),(1344,15,2613),(1345,15,2614),(1346,15,2615),(1347,15,2616),(1348,15,2618),(1349,15,2619),(1350,15,2620),(1351,15,2621),(1352,15,2622),(1353,15,2624),(1354,15,2626),(1355,15,2627),(1356,15,2628),(1357,15,2630),(1358,15,2632),(1359,15,2633),(1360,15,2634),(1361,15,2635),(1362,15,2636),(1363,15,2638),(1364,15,2639),(1365,15,2640),(1366,15,2641),(1367,15,2642),(1368,15,2643),(1369,15,2645),(1370,15,2647),(1371,15,2649),(1372,15,2655),(1373,15,2656),(1374,15,2658),(1375,15,2663),(1376,15,2664),(1377,15,2666),(1378,15,2667),(1379,15,2668),(1380,15,2677),(1381,16,2542),(1382,16,2543),(1383,16,2545),(1384,16,2546),(1385,16,2547),(1386,16,2548),(1387,16,2550),(1388,16,2552),(1389,16,2553),(1390,16,2554),(1391,16,2556),(1392,16,2558),(1393,16,2560),(1394,16,2561),(1395,16,2563),(1396,16,2564),(1397,16,2565),(1398,16,2566),(1399,16,2567),(1400,16,2568),(1401,16,2569),(1402,16,2570),(1403,16,2571),(1404,16,2572),(1405,16,2574),(1406,16,2576),(1407,16,2577),(1408,16,2579),(1409,16,2580),(1410,16,2581),(1411,16,2583),(1412,16,2584),(1413,16,2585),(1414,16,2586),(1415,16,2587),(1416,16,2588),(1417,16,2589),(1418,16,2590),(1419,16,2591),(1420,16,2592),(1421,16,2593),(1422,16,2595),(1423,16,2596),(1424,16,2598),(1425,16,2599),(1426,16,2600),(1427,16,2601),(1428,16,2603),(1429,16,2605),(1430,16,2606),(1431,16,2607),(1432,16,2608),(1433,16,2609),(1434,16,2610),(1435,16,2611),(1436,16,2613),(1437,16,2614),(1438,16,2615),(1439,16,2616),(1440,16,2618),(1441,16,2619),(1442,16,2620),(1443,16,2621),(1444,16,2622),(1445,16,2624),(1446,16,2626),(1447,16,2627),(1448,16,2628),(1449,16,2630),(1450,16,2632),(1451,16,2633),(1452,16,2634),(1453,16,2635),(1454,16,2636),(1455,16,2638),(1456,16,2639),(1457,16,2640),(1458,16,2641),(1459,16,2642),(1460,16,2643),(1461,16,2645),(1462,16,2647),(1463,16,2649),(1464,16,2655),(1465,16,2656),(1466,16,2658),(1467,16,2663),(1468,16,2664),(1469,16,2666),(1470,16,2667),(1471,16,2668),(1472,16,2677),(1473,17,2542),(1474,17,2543),(1475,17,2545),(1476,17,2546),(1477,17,2547),(1478,17,2548),(1479,17,2550),(1480,17,2552),(1481,17,2553),(1482,17,2554),(1483,17,2556),(1484,17,2558),(1485,17,2560),(1486,17,2561),(1487,17,2563),(1488,17,2564),(1489,17,2565),(1490,17,2566),(1491,17,2567),(1492,17,2568),(1493,17,2569),(1494,17,2570),(1495,17,2571),(1496,17,2572),(1497,17,2574),(1498,17,2576),(1499,17,2577),(1500,17,2579),(1501,17,2580),(1502,17,2581),(1503,17,2583),(1504,17,2584),(1505,17,2585),(1506,17,2586),(1507,17,2587),(1508,17,2588),(1509,17,2589),(1510,17,2590),(1511,17,2591),(1512,17,2592),(1513,17,2593),(1514,17,2595),(1515,17,2596),(1516,17,2598),(1517,17,2599),(1518,17,2600),(1519,17,2601),(1520,17,2603),(1521,17,2605),(1522,17,2606),(1523,17,2607),(1524,17,2608),(1525,17,2609),(1526,17,2610),(1527,17,2611),(1528,17,2613),(1529,17,2614),(1530,17,2615),(1531,17,2616),(1532,17,2618),(1533,17,2619),(1534,17,2620),(1535,17,2621),(1536,17,2622),(1537,17,2624),(1538,17,2626),(1539,17,2627),(1540,17,2628),(1541,17,2630),(1542,17,2632),(1543,17,2633),(1544,17,2634),(1545,17,2635),(1546,17,2636),(1547,17,2638),(1548,17,2639),(1549,17,2640),(1550,17,2641),(1551,17,2642),(1552,17,2643),(1553,17,2645),(1554,17,2647),(1555,17,2649),(1556,17,2655),(1557,17,2656),(1558,17,2658),(1559,17,2664),(1560,17,2666),(1561,17,2663),(1562,17,2667),(1563,17,2668),(1564,17,2677);
/*!40000 ALTER TABLE `search_vessel_track` ENABLE KEYS */;
UNLOCK TABLES;

--
-- Table structure for table `searches`
--

DROP TABLE IF EXISTS `searches`;
/*!40101 SET @saved_cs_client     = @@character_set_client */;
/*!40101 SET character_set_client = utf8 */;
CREATE TABLE `searches` (
  `id` int(11) NOT NULL AUTO_INCREMENT,
  `client_id` int(11) NOT NULL,
  `lon_from` decimal(8,5) DEFAULT NULL,
  `lon_to` decimal(8,5) DEFAULT NULL,
  `lat_from` decimal(8,5) DEFAULT NULL,
  `lat_to` decimal(8,5) DEFAULT NULL,
  `time_from` timestamp NULL DEFAULT NULL,
  `time_to` timestamp NULL DEFAULT NULL,
  `results` int(11) NOT NULL DEFAULT '0',
  `created_at` timestamp NOT NULL DEFAULT CURRENT_TIMESTAMP,
  PRIMARY KEY (`id`),
  KEY `searches_client_id_index` (`client_id`),
  CONSTRAINT `searches_client_id_foreign` FOREIGN KEY (`client_id`) REFERENCES `clients` (`id`) ON DELETE CASCADE
) ENGINE=InnoDB AUTO_INCREMENT=18 DEFAULT CHARSET=utf8 COLLATE=utf8_unicode_ci;
/*!40101 SET character_set_client = @saved_cs_client */;

--
-- Dumping data for table `searches`
--

LOCK TABLES `searches` WRITE;
/*!40000 ALTER TABLE `searches` DISABLE KEYS */;
INSERT INTO `searches` VALUES (11,1,15.00000,16.00000,36.00000,37.00000,'2017-02-17 22:03:21','2017-02-20 20:03:21',92,'2017-11-01 00:03:13'),(12,1,15.00000,16.00000,36.00000,37.00000,'2017-02-17 22:03:21','2017-02-20 20:03:21',92,'2017-11-01 00:04:15'),(13,1,15.00000,16.00000,36.00000,37.00000,'2017-02-17 22:03:21','2017-02-20 20:03:21',92,'2017-11-01 00:04:28'),(14,1,15.00000,16.00000,36.00000,37.00000,'2017-02-17 22:03:21','2017-02-20 20:03:21',92,'2017-11-01 01:31:10'),(15,1,15.00000,16.00000,36.00000,37.00000,'2017-02-17 22:03:21','2017-02-20 20:03:21',92,'2017-11-01 01:31:26'),(16,1,15.00000,16.00000,36.00000,37.00000,'2017-02-17 22:03:21','2017-02-20 20:03:21',92,'2017-11-01 01:31:31'),(17,1,15.00000,16.00000,36.00000,37.00000,'2017-02-17 22:03:21','2017-02-20 20:03:21',92,'2017-11-01 01:31:39');
/*!40000 ALTER TABLE `searches` ENABLE KEYS */;
UNLOCK TABLES;

--
-- Table structure for table `vessel_tracks`
--

DROP TABLE IF EXISTS `vessel_tracks`;
/*!40101 SET @saved_cs_client     = @@character_set_client */;
/*!40101 SET character_set_client = utf8 */;
CREATE TABLE `vessel_tracks` (
  `id` int(11) NOT NULL AUTO_INCREMENT,
  `vessel_id` int(11) NOT NULL,
  `status` tinyint(4) NOT NULL,
  `speed` mediumint(9) NOT NULL,
  `lon` decimal(8,5) NOT NULL,
  `lat` decimal(8,5) NOT NULL,
  `course` mediumint(9) NOT NULL,
  `heading` mediumint(9) NOT NULL,
  `rot` varchar(20) COLLATE utf8_unicode_ci DEFAULT NULL,
  `timestamp` timestamp NULL DEFAULT NULL,
  PRIMARY KEY (`id`),
  KEY `vessel_tracks_vessel_id_index` (`vessel_id`),
  KEY `vessel_tracks_lon_index` (`lon`),
  KEY `vessel_tracks_lat_index` (`lat`),
  KEY `vessel_tracks_timestamp_index` (`timestamp`),
  CONSTRAINT `vessel_tracks_vessel_id_foreign` FOREIGN KEY (`vessel_id`) REFERENCES `vessels` (`id`) ON DELETE CASCADE
) ENGINE=InnoDB AUTO_INCREMENT=2697 DEFAULT CHARSET=utf8 COLLATE=utf8_unicode_ci;
/*!40101 SET character_set_client = @saved_cs_client */;

--
-- Dumping data for table `vessel_tracks`
--

LOCK TABLES `vessel_tracks` WRITE;
/*!40000 ALTER TABLE `vessel_tracks` DISABLE KEYS */;
INSERT INTO `vessel_tracks` VALUES (1,1,0,180,15.44150,42.75178,144,144,'NULL','2017-02-18 05:18:39'),(2,1,0,154,16.21578,42.03212,149,150,'NULL','2017-02-18 08:52:58'),(3,1,0,157,14.36933,43.81345,141,142,'NULL','2017-02-18 00:15:52'),(4,1,0,156,16.80937,41.34813,123,124,'NULL','2017-02-18 12:01:52'),(5,1,0,154,16.19508,42.05627,143,143,'NULL','2017-02-18 08:46:15'),(6,1,0,151,15.89673,42.34780,142,143,'NULL','2017-02-18 07:21:15'),(7,1,0,155,16.57032,41.57028,150,150,'NULL','2017-02-18 10:53:57'),(8,1,0,157,16.25182,41.98653,149,150,'NULL','2017-02-18 09:05:10'),(9,1,0,155,16.52140,41.63402,149,150,'NULL','2017-02-18 10:36:52'),(10,1,0,155,16.11517,42.13335,141,143,'NULL','2017-02-18 08:23:34'),(11,1,0,154,15.70893,42.52677,140,141,'NULL','2017-02-18 06:27:58'),(12,1,0,157,14.23710,43.92660,138,138,'NULL','2017-02-17 23:42:04'),(13,1,0,153,16.63083,41.48892,151,150,'NULL','2017-02-18 11:15:40'),(14,1,0,160,18.22737,40.57150,142,143,'NULL','2017-02-18 17:02:36'),(15,1,0,159,16.41297,41.77672,150,150,'NULL','2017-02-18 09:59:33'),(16,1,0,154,16.95163,41.27268,125,124,'NULL','2017-02-18 12:32:16'),(17,1,0,151,15.51695,42.68015,135,135,'NULL','2017-02-18 05:39:10'),(18,1,0,152,19.01322,39.66583,146,149,'NULL','2017-02-18 21:09:22'),(19,1,0,150,15.52178,42.67650,135,136,'NULL','2017-02-18 05:40:22'),(20,1,0,161,18.31122,40.48707,143,143,'NULL','2017-02-18 17:25:49'),(21,1,0,159,17.86957,40.82278,123,123,'NULL','2017-02-18 15:38:42'),(22,1,0,160,18.87793,39.82735,149,149,'NULL','2017-02-18 20:25:16'),(23,1,0,155,15.26575,42.92458,142,145,'NULL','2017-02-18 04:29:46'),(24,1,0,157,17.06737,41.21285,123,123,'NULL','2017-02-18 12:56:34'),(25,1,0,156,16.74385,41.38107,123,124,'NULL','2017-02-18 11:48:16'),(26,1,0,157,17.12788,41.18237,123,123,'NULL','2017-02-18 13:09:04'),(27,1,0,160,16.43227,41.75063,151,150,'NULL','2017-02-18 10:06:16'),(28,1,0,160,17.35417,41.07482,119,119,'NULL','2017-02-18 13:54:40'),(29,1,0,157,14.17603,43.97510,137,138,'NULL','2017-02-17 23:27:04'),(30,1,0,150,19.06880,39.60173,146,149,'NULL','2017-02-18 21:27:45'),(31,1,0,160,16.32975,41.88747,149,150,'NULL','2017-02-18 09:31:15'),(32,1,0,156,15.20730,42.97989,142,145,'NULL','2017-02-18 04:13:34'),(33,1,0,160,18.03825,40.73852,123,123,'NULL','2017-02-18 16:13:08'),(34,1,0,153,16.69625,41.40572,130,128,'NULL','2017-02-18 11:38:09'),(35,1,0,155,15.29447,42.89738,142,144,'NULL','2017-02-18 04:37:45'),(36,1,0,154,15.95233,42.29357,142,143,'NULL','2017-02-18 07:37:16'),(37,1,0,157,16.00443,42.24260,142,143,'NULL','2017-02-18 07:51:58'),(38,1,0,162,17.39030,41.05913,120,119,'NULL','2017-02-18 14:01:39'),(39,1,0,157,17.02933,41.23230,124,123,'NULL','2017-02-18 12:48:40'),(40,1,0,157,17.10027,41.19623,123,123,'NULL','2017-02-18 13:03:22'),(41,1,0,160,17.83838,40.83848,123,123,'NULL','2017-02-18 15:32:19'),(42,1,0,155,14.04978,44.07762,138,138,'NULL','2017-02-17 22:55:28'),(43,1,0,160,17.50487,41.00505,122,122,'NULL','2017-02-18 14:24:28'),(44,1,0,161,16.38930,41.80880,151,150,'NULL','2017-02-18 09:51:22'),(45,1,0,154,16.62117,41.50198,150,150,'NULL','2017-02-18 11:12:10'),(46,1,0,154,16.09910,42.14857,142,143,'NULL','2017-02-18 08:19:03'),(47,1,0,156,14.02728,44.09790,145,145,'NULL','2017-02-17 22:49:28'),(48,1,0,155,14.10368,44.03307,139,138,'NULL','2017-02-17 23:09:10'),(49,1,0,153,15.50092,42.69438,142,142,'NULL','2017-02-18 05:34:46'),(50,1,0,156,14.39683,43.78795,142,142,'NULL','2017-02-18 00:23:16'),(51,1,0,154,15.23737,42.95167,141,144,'NULL','2017-02-18 04:21:52'),(52,1,0,151,15.86083,42.38267,142,143,'NULL','2017-02-18 07:10:52'),(53,1,0,160,17.80638,40.85443,123,123,'NULL','2017-02-18 15:25:49'),(54,1,0,160,18.87053,39.83693,149,149,'NULL','2017-02-18 20:22:46'),(55,1,0,154,15.93938,42.30623,142,143,'NULL','2017-02-18 07:33:34'),(56,1,0,156,16.67823,41.42547,150,150,'NULL','2017-02-18 11:32:34'),(57,1,0,158,16.48520,41.68172,150,150,'NULL','2017-02-18 10:24:21'),(58,1,0,159,18.11372,40.68857,142,144,'NULL','2017-02-18 16:30:31'),(59,1,0,151,15.50867,42.68705,140,140,'NULL','2017-02-18 05:36:58'),(60,1,0,153,14.44540,43.74285,140,142,'NULL','2017-02-18 00:36:28'),(61,1,0,155,16.08312,42.16388,142,143,'NULL','2017-02-18 08:14:33'),(62,1,0,161,18.23445,40.56440,142,143,'NULL','2017-02-18 17:04:38'),(63,1,0,156,16.73858,41.38370,123,124,'NULL','2017-02-18 11:47:10'),(64,1,0,154,16.88440,41.30890,125,124,'NULL','2017-02-18 12:17:46'),(65,1,0,156,15.99275,42.25414,142,143,'NULL','2017-02-18 07:48:40'),(66,1,0,160,17.72275,40.89683,123,123,'NULL','2017-02-18 15:08:43'),(67,1,0,155,16.67485,41.43000,150,150,'NULL','2017-02-18 11:31:21'),(68,1,0,154,16.71668,41.39483,124,124,'NULL','2017-02-18 11:42:34'),(69,1,0,155,16.56723,41.57442,150,150,'NULL','2017-02-18 10:52:51'),(70,1,0,158,16.28197,41.94832,149,150,'NULL','2017-02-18 09:15:16'),(71,1,0,157,17.05113,41.22120,124,123,'NULL','2017-02-18 12:53:10'),(72,1,0,162,18.27222,40.52660,142,143,'NULL','2017-02-18 17:15:07'),(73,1,0,154,15.66248,42.56742,139,140,'NULL','2017-02-18 06:15:33'),(74,1,0,161,17.41972,41.04620,122,122,'NULL','2017-02-18 14:07:22'),(75,1,0,160,17.48892,41.01272,122,122,'NULL','2017-02-18 14:21:16'),(76,1,0,155,15.39370,42.79998,143,144,'NULL','2017-02-18 05:05:52'),(77,1,0,154,15.57097,42.63882,135,137,'NULL','2017-02-18 05:52:46'),(78,1,0,161,18.29328,40.50535,143,143,'NULL','2017-02-18 17:21:01'),(79,1,0,161,16.36322,41.84377,150,150,'NULL','2017-02-18 09:42:28'),(80,1,0,153,15.71698,42.51945,140,141,'NULL','2017-02-18 06:30:10'),(81,1,0,159,17.91452,40.80042,122,123,'NULL','2017-02-18 15:47:55'),(82,1,0,154,16.58632,41.54885,150,150,'NULL','2017-02-18 10:59:39'),(83,1,0,153,15.61680,42.60367,135,137,'NULL','2017-02-18 06:04:04'),(84,1,0,161,17.83338,40.84100,123,123,'NULL','2017-02-18 15:31:17'),(85,1,0,157,14.38722,43.79698,141,142,'NULL','2017-02-18 00:20:39'),(86,1,0,152,15.79347,42.44795,141,143,'NULL','2017-02-18 06:51:29'),(87,1,0,159,18.01110,40.75220,123,123,'NULL','2017-02-18 16:07:48'),(88,1,0,157,14.26958,43.90048,138,138,'NULL','2017-02-17 23:50:04'),(89,1,0,160,17.61528,40.95092,123,123,'NULL','2017-02-18 14:46:52'),(90,1,0,156,16.02815,42.21892,143,143,'NULL','2017-02-18 07:58:45'),(91,1,0,159,16.42225,41.76425,150,150,'NULL','2017-02-18 10:02:46'),(92,1,0,154,16.59942,41.53119,150,150,'NULL','2017-02-18 11:04:22'),(93,1,0,169,15.45485,42.73822,144,144,'NULL','2017-02-18 05:22:04'),(94,1,0,154,15.72932,42.50817,142,142,'NULL','2017-02-18 06:33:33'),(95,1,0,153,15.90815,42.33670,142,143,'NULL','2017-02-18 07:24:33'),(96,1,0,155,16.94138,41.27825,125,124,'NULL','2017-02-18 12:30:03'),(97,1,0,160,16.35317,41.85700,150,150,'NULL','2017-02-18 09:39:04'),(98,1,0,155,16.66465,41.44360,150,150,'NULL','2017-02-18 11:27:46'),(99,1,0,153,16.70633,41.40027,124,124,'NULL','2017-02-18 11:40:21'),(100,1,0,152,15.82583,42.41677,143,143,'NULL','2017-02-18 07:00:45'),(101,1,0,157,14.26470,43.90442,138,138,'NULL','2017-02-17 23:48:52'),(102,1,0,157,16.29570,41.93085,149,150,'NULL','2017-02-18 09:19:52'),(103,1,0,155,15.38157,42.81203,143,144,'NULL','2017-02-18 05:02:22'),(104,1,0,157,14.37455,43.80867,141,142,'NULL','2017-02-18 00:17:16'),(105,1,0,158,16.50133,41.66020,150,150,'NULL','2017-02-18 10:29:58'),(106,1,0,155,13.95497,44.17392,145,145,'NULL','2017-02-17 22:28:15'),(107,1,0,159,17.28027,41.10807,121,120,'NULL','2017-02-18 13:40:03'),(108,1,0,151,15.89298,42.35140,142,143,'NULL','2017-02-18 07:20:10'),(109,1,0,157,13.87298,44.25807,146,147,'NULL','2017-02-17 22:04:33'),(110,1,0,156,13.87682,44.25417,144,145,'NULL','2017-02-17 22:05:39'),(111,1,0,155,15.59810,42.61788,136,137,'NULL','2017-02-18 05:59:28'),(112,1,0,159,17.72805,40.89415,123,123,'NULL','2017-02-18 15:09:48'),(113,1,0,159,17.24078,41.12640,123,123,'NULL','2017-02-18 13:32:10'),(114,1,0,150,19.07212,39.59777,146,149,'NULL','2017-02-18 21:28:52'),(115,1,0,154,15.74130,42.49705,141,142,'NULL','2017-02-18 06:36:52'),(116,1,0,161,16.33672,41.87845,150,150,'NULL','2017-02-18 09:33:34'),(117,1,0,153,16.14368,42.10643,142,143,'NULL','2017-02-18 08:31:34'),(118,1,0,157,14.32957,43.85057,141,142,'NULL','2017-02-18 00:05:16'),(119,1,0,157,16.48230,41.68553,150,150,'NULL','2017-02-18 10:23:21'),(120,1,0,155,14.05408,44.07409,138,138,'NULL','2017-02-17 22:56:34'),(121,1,0,161,17.64612,40.93542,123,123,'NULL','2017-02-18 14:53:09'),(122,1,0,157,16.75528,41.37527,123,124,'NULL','2017-02-18 11:50:39'),(123,1,0,155,15.30738,42.88495,142,144,'NULL','2017-02-18 04:41:22'),(124,1,0,154,16.11093,42.13737,141,143,'NULL','2017-02-18 08:22:22'),(125,1,0,158,17.16718,41.16285,122,123,'NULL','2017-02-18 13:17:09'),(126,1,0,156,15.20327,42.98373,142,145,'NULL','2017-02-18 04:12:27'),(127,1,0,166,18.17658,40.62403,144,144,'NULL','2017-02-18 16:48:19'),(128,1,0,150,19.04332,39.63082,145,149,'NULL','2017-02-18 21:19:22'),(129,1,0,154,14.45058,43.73825,141,142,'NULL','2017-02-18 00:37:51'),(130,1,0,161,17.43660,41.03788,123,122,'NULL','2017-02-18 14:10:46'),(131,1,0,154,16.10307,42.14478,141,143,'NULL','2017-02-18 08:20:10'),(132,1,0,160,16.41938,41.76812,150,150,'NULL','2017-02-18 10:01:46'),(133,1,0,157,14.32420,43.85538,140,141,'NULL','2017-02-18 00:03:52'),(134,1,0,160,18.04310,40.73602,123,123,'NULL','2017-02-18 16:14:08'),(135,1,0,156,16.82030,41.34252,124,124,'NULL','2017-02-18 12:04:11'),(136,1,0,157,14.23190,43.93080,138,138,'NULL','2017-02-17 23:40:47'),(137,1,0,167,18.16875,40.63240,144,144,'NULL','2017-02-18 16:46:06'),(138,1,0,150,19.05097,39.62217,145,149,'NULL','2017-02-18 21:21:52'),(139,1,0,160,17.30858,41.09530,120,120,'NULL','2017-02-18 13:45:40'),(140,1,0,155,15.33453,42.85833,143,144,'NULL','2017-02-18 04:49:03'),(141,1,0,151,15.51272,42.68347,138,137,'NULL','2017-02-18 05:38:04'),(142,1,0,160,17.33077,41.08520,120,119,'NULL','2017-02-18 13:50:04'),(143,1,0,157,16.51125,41.64708,150,150,'NULL','2017-02-18 10:33:22'),(144,1,0,149,19.14797,39.50337,149,149,'NULL','2017-02-18 21:55:28'),(145,1,0,149,19.15403,39.49545,149,149,'NULL','2017-02-18 21:57:40'),(146,1,0,155,15.13447,43.06587,149,151,'NULL','2017-02-18 03:50:03'),(147,1,0,160,18.84767,39.86732,149,149,'NULL','2017-02-18 20:14:52'),(148,1,0,152,15.80260,42.43920,142,143,'NULL','2017-02-18 06:54:04'),(149,1,0,154,15.29053,42.90110,142,144,'NULL','2017-02-18 04:36:41'),(150,1,0,160,17.82805,40.84367,123,123,'NULL','2017-02-18 15:30:12'),(151,1,0,160,15.46682,42.72662,142,142,'NULL','2017-02-18 05:25:16'),(152,1,0,161,16.37965,41.82182,150,150,'NULL','2017-02-18 09:48:04'),(153,1,0,161,17.77107,40.87222,123,123,'NULL','2017-02-18 15:18:37'),(154,1,0,154,16.90528,41.29767,125,124,'NULL','2017-02-18 12:22:16'),(155,1,0,155,15.40957,42.78395,144,145,'NULL','2017-02-18 05:10:28'),(156,1,0,155,16.99435,41.25027,124,123,'NULL','2017-02-18 12:41:22'),(157,1,0,161,17.66533,40.92572,123,123,'NULL','2017-02-18 14:57:03'),(158,1,0,160,17.49885,41.00792,122,122,'NULL','2017-02-18 14:23:16'),(159,1,0,165,18.20383,40.59547,142,143,'NULL','2017-02-18 16:56:01'),(160,1,0,155,16.86760,41.31788,125,124,'NULL','2017-02-18 12:14:10'),(161,1,0,163,18.25743,40.54135,142,143,'NULL','2017-02-18 17:11:00'),(162,1,0,160,17.21235,41.14058,123,123,'NULL','2017-02-18 13:26:22'),(163,1,0,156,16.65835,41.45192,150,150,'NULL','2017-02-18 11:25:33'),(164,1,0,155,15.34255,42.85035,142,144,'NULL','2017-02-18 04:51:21'),(165,1,0,160,17.62648,40.94522,123,123,'NULL','2017-02-18 14:49:10'),(166,1,0,157,17.14973,41.17143,123,123,'NULL','2017-02-18 13:13:34'),(167,1,0,157,14.39172,43.79282,142,142,'NULL','2017-02-18 00:21:52'),(168,1,0,158,17.01822,41.23792,124,123,'NULL','2017-02-18 12:46:22'),(169,1,0,153,15.75793,42.48168,141,142,'NULL','2017-02-18 06:41:28'),(170,1,0,157,15.98003,42.26655,142,143,'NULL','2017-02-18 07:45:04'),(171,1,0,157,16.03620,42.21082,143,143,'NULL','2017-02-18 08:01:04'),(172,1,0,156,15.19333,42.99343,143,145,'NULL','2017-02-18 04:09:40'),(173,1,0,154,16.88992,41.30597,125,124,'NULL','2017-02-18 12:18:58'),(174,1,0,157,17.09505,41.19883,123,123,'NULL','2017-02-18 13:02:16'),(175,1,0,156,13.86533,44.26645,146,147,'NULL','2017-02-17 22:02:16'),(176,1,0,153,15.69242,42.54122,140,140,'NULL','2017-02-18 06:23:34'),(177,1,0,158,16.46893,41.70305,149,150,'NULL','2017-02-18 10:18:46'),(178,1,0,150,15.88913,42.35518,142,143,'NULL','2017-02-18 07:19:03'),(179,1,0,157,17.01300,41.24063,124,123,'NULL','2017-02-18 12:45:16'),(180,1,0,150,19.07533,39.59398,146,149,'NULL','2017-02-18 21:29:58'),(181,1,0,159,16.30258,41.92212,149,150,'NULL','2017-02-18 09:22:10'),(182,1,0,160,17.71787,40.89927,123,123,'NULL','2017-02-18 15:07:43'),(183,1,0,156,14.30412,43.87250,138,138,'NULL','2017-02-17 23:58:41'),(184,1,0,155,15.33837,42.85452,143,144,'NULL','2017-02-18 04:50:10'),(185,1,0,160,17.48297,41.01558,122,122,'NULL','2017-02-18 14:20:04'),(186,1,0,164,18.13103,40.67140,142,144,'NULL','2017-02-18 16:35:37'),(187,1,0,160,17.62067,40.94817,123,123,'NULL','2017-02-18 14:47:58'),(188,1,0,154,16.53178,41.62058,149,150,'NULL','2017-02-18 10:40:28'),(189,1,0,162,17.40217,41.05393,120,119,'NULL','2017-02-18 14:03:57'),(190,1,0,155,15.33033,42.86246,143,144,'NULL','2017-02-18 04:47:52'),(191,1,0,155,16.08708,42.16008,142,143,'NULL','2017-02-18 08:15:40'),(192,1,0,160,17.20112,41.14617,122,123,'NULL','2017-02-18 13:24:04'),(193,1,0,157,15.98392,42.26275,143,143,'NULL','2017-02-18 07:46:10'),(194,1,0,161,16.36642,41.83955,150,150,'NULL','2017-02-18 09:43:33'),(195,1,0,153,16.21897,42.02812,149,150,'NULL','2017-02-18 08:54:04'),(196,1,0,158,17.97803,40.76887,123,123,'NULL','2017-02-18 16:01:01'),(197,1,0,152,15.92822,42.31715,142,143,'NULL','2017-02-18 07:30:22'),(198,1,0,160,17.53858,40.98868,122,122,'NULL','2017-02-18 14:31:16'),(199,1,0,150,19.05455,39.61805,145,149,'NULL','2017-02-18 21:23:04'),(200,1,0,157,17.04053,41.22660,123,123,'NULL','2017-02-18 12:50:58'),(201,1,0,153,16.13943,42.11047,141,143,'NULL','2017-02-18 08:30:22'),(202,1,0,159,17.22412,41.13472,123,123,'NULL','2017-02-18 13:28:45'),(203,1,0,159,17.85942,40.82793,123,123,'NULL','2017-02-18 15:36:36'),(204,1,0,159,17.90470,40.80515,122,123,'NULL','2017-02-18 15:45:55'),(205,1,0,162,17.37787,41.06452,119,119,'NULL','2017-02-18 13:59:15'),(206,1,0,161,17.45443,41.02927,122,122,'NULL','2017-02-18 14:14:21'),(207,1,0,158,18.08837,40.71285,128,129,'NULL','2017-02-18 16:23:43'),(208,1,0,154,16.94647,41.27548,125,124,'NULL','2017-02-18 12:31:10'),(209,1,0,150,19.07920,39.58943,146,149,'NULL','2017-02-18 21:31:15'),(210,1,0,157,14.28890,43.88485,138,138,'NULL','2017-02-17 23:54:52'),(211,1,0,153,16.20925,42.04027,148,150,'NULL','2017-02-18 08:50:46'),(212,1,0,153,15.15722,43.03688,150,151,'NULL','2017-02-18 03:57:52'),(213,1,0,158,16.46535,41.70768,150,150,'NULL','2017-02-18 10:17:34'),(214,1,0,155,14.04498,44.08160,139,138,'NULL','2017-02-17 22:54:16'),(215,1,0,161,17.36038,41.07210,119,119,'NULL','2017-02-18 13:55:52'),(216,1,0,159,17.55480,40.98078,122,122,'NULL','2017-02-18 14:34:34'),(217,1,0,152,15.55800,42.64874,136,137,'NULL','2017-02-18 05:49:33'),(218,1,0,156,16.01625,42.23082,143,143,'NULL','2017-02-18 07:55:22'),(219,1,0,155,16.07472,42.17210,142,143,'NULL','2017-02-18 08:12:10'),(220,1,0,155,14.06437,44.06563,138,138,'NULL','2017-02-17 22:59:10'),(221,1,0,161,18.36023,40.43633,143,143,'NULL','2017-02-18 17:39:56'),(222,1,0,157,16.76642,41.36973,123,124,'NULL','2017-02-18 11:52:57'),(223,1,0,155,15.29885,42.89322,142,144,'NULL','2017-02-18 04:38:58'),(224,1,0,157,14.27410,43.89688,137,138,'NULL','2017-02-17 23:51:10'),(225,1,0,155,13.91638,44.21368,145,145,'NULL','2017-02-17 22:17:04'),(226,1,0,154,16.22252,42.02363,149,150,'NULL','2017-02-18 08:55:16'),(227,1,0,155,15.25318,42.93663,142,144,'NULL','2017-02-18 04:26:16'),(228,1,0,156,15.95622,42.28980,143,143,'NULL','2017-02-18 07:38:22'),(229,1,0,156,16.26162,41.97417,149,150,'NULL','2017-02-18 09:08:27'),(230,1,0,152,15.55322,42.65242,136,137,'NULL','2017-02-18 05:48:21'),(231,1,0,156,14.29927,43.87645,138,138,'NULL','2017-02-17 23:57:28'),(232,1,0,154,16.19135,42.05995,143,143,'NULL','2017-02-18 08:45:10'),(233,1,0,156,13.96247,44.16607,145,145,'NULL','2017-02-17 22:30:27'),(234,1,0,158,16.46210,41.71187,150,150,'NULL','2017-02-18 10:16:28'),(235,1,0,159,18.85750,39.85425,149,149,'NULL','2017-02-18 20:18:16'),(236,1,0,158,17.97318,40.77125,123,123,'NULL','2017-02-18 16:00:00'),(237,1,0,162,18.12485,40.67757,142,144,'NULL','2017-02-18 16:33:54'),(238,1,0,154,15.72498,42.51222,141,142,'NULL','2017-02-18 06:32:22'),(239,1,0,159,18.86383,39.84578,150,149,'NULL','2017-02-18 20:20:28'),(240,1,0,154,15.65833,42.57102,139,140,'NULL','2017-02-18 06:14:28'),(241,1,0,156,13.99313,44.13372,145,145,'NULL','2017-02-17 22:39:29'),(242,1,0,155,15.22840,42.96012,142,144,'NULL','2017-02-18 04:19:22'),(243,1,0,160,17.45995,41.02665,122,122,'NULL','2017-02-18 14:15:28'),(244,1,0,159,14.33550,43.84509,141,142,'NULL','2017-02-18 00:06:52'),(245,1,0,160,17.26322,41.11575,120,120,'NULL','2017-02-18 13:36:40'),(246,1,0,157,14.15067,43.99523,138,138,'NULL','2017-02-17 23:20:51'),(247,1,0,151,15.88503,42.35918,142,143,'NULL','2017-02-18 07:17:52'),(248,1,0,153,15.93237,42.31307,142,143,'NULL','2017-02-18 07:31:33'),(249,1,0,151,19.04730,39.62634,145,149,'NULL','2017-02-18 21:20:40'),(250,1,0,154,16.21253,42.03618,149,150,'NULL','2017-02-18 08:51:52'),(251,1,0,153,16.71155,41.39752,124,124,'NULL','2017-02-18 11:41:28'),(252,1,0,155,16.15607,42.09460,142,143,'NULL','2017-02-18 08:35:03'),(253,1,0,156,14.03175,44.09335,143,143,'NULL','2017-02-17 22:50:47'),(254,1,0,153,15.28620,42.90522,142,144,'NULL','2017-02-18 04:35:28'),(255,1,0,156,14.76368,43.43758,142,143,'NULL','2017-02-18 02:03:52'),(256,1,0,157,17.11143,41.19060,123,123,'NULL','2017-02-18 13:05:40'),(257,1,0,160,18.04802,40.73353,123,123,'NULL','2017-02-18 16:15:09'),(258,1,0,157,15.97612,42.27037,142,143,'NULL','2017-02-18 07:43:58'),(259,1,0,155,16.98352,41.25590,124,123,'NULL','2017-02-18 12:39:04'),(260,1,0,151,19.06130,39.61038,146,149,'NULL','2017-02-18 21:25:16'),(261,1,0,155,15.96040,42.28567,142,143,'NULL','2017-02-18 07:39:34'),(262,1,0,156,16.74912,41.37838,123,124,'NULL','2017-02-18 11:49:22'),(263,1,0,154,16.90012,41.30047,125,124,'NULL','2017-02-18 12:21:10'),(264,1,0,160,17.51620,40.99955,122,122,'NULL','2017-02-18 14:26:46'),(265,1,0,154,16.91032,41.29500,125,124,'NULL','2017-02-18 12:23:22'),(266,1,0,159,17.56612,40.97527,122,122,'NULL','2017-02-18 14:36:51'),(267,1,0,152,15.82173,42.42075,141,143,'NULL','2017-02-18 06:59:34'),(268,1,0,158,18.01593,40.74980,123,123,'NULL','2017-02-18 16:08:48'),(269,1,0,152,15.91202,42.33295,142,143,'NULL','2017-02-18 07:25:40'),(270,1,0,152,15.79838,42.44323,142,143,'NULL','2017-02-18 06:52:52'),(271,1,0,150,19.05792,39.61425,145,149,'NULL','2017-02-18 21:24:10'),(272,1,0,156,14.01517,44.11050,145,145,'NULL','2017-02-17 22:45:58'),(273,1,0,156,15.21128,42.97613,142,144,'NULL','2017-02-18 04:14:40'),(274,1,0,159,17.29190,41.10282,120,120,'NULL','2017-02-18 13:42:22'),(275,1,0,155,16.22572,42.01963,149,150,'NULL','2017-02-18 08:56:21'),(276,1,0,162,18.28968,40.50900,143,143,'NULL','2017-02-18 17:20:00'),(277,1,0,160,17.73290,40.89168,123,123,'NULL','2017-02-18 15:10:48'),(278,1,0,156,13.94875,44.18040,145,145,'NULL','2017-02-17 22:26:27'),(279,1,0,153,16.62417,41.49798,150,150,'NULL','2017-02-18 11:13:16'),(280,1,0,161,17.67520,40.92076,123,123,'NULL','2017-02-18 14:59:03'),(281,1,0,163,18.26105,40.53775,142,143,'NULL','2017-02-18 17:12:00'),(282,1,0,160,17.52163,40.99693,122,122,'NULL','2017-02-18 14:27:52'),(283,1,0,151,19.09452,39.57100,147,149,'NULL','2017-02-18 21:36:28'),(284,1,0,158,17.11680,41.18793,123,123,'NULL','2017-02-18 13:06:46'),(285,1,0,154,16.17950,42.07172,142,143,'NULL','2017-02-18 08:41:45'),(286,1,0,157,14.74118,43.45913,142,143,'NULL','2017-02-18 01:57:40'),(287,1,0,152,15.92412,42.32115,143,143,'NULL','2017-02-18 07:29:10'),(288,1,0,162,16.38285,41.81748,151,150,'NULL','2017-02-18 09:49:10'),(289,1,0,160,17.82322,40.84607,123,123,'NULL','2017-02-18 15:29:12'),(290,1,0,152,15.84518,42.39788,142,143,'NULL','2017-02-18 07:06:22'),(291,1,0,156,16.82555,41.33980,124,124,'NULL','2017-02-18 12:05:16'),(292,1,0,166,18.18043,40.61993,144,144,'NULL','2017-02-18 16:49:25'),(293,1,0,150,19.11785,39.54170,148,149,'NULL','2017-02-18 21:44:40'),(294,1,0,155,16.84160,41.33150,124,124,'NULL','2017-02-18 12:08:40'),(295,1,0,153,15.48425,42.71013,141,142,'NULL','2017-02-18 05:30:04'),(296,1,0,156,16.78348,41.36128,123,124,'NULL','2017-02-18 11:56:28'),(297,1,0,158,14.24640,43.91907,138,138,'NULL','2017-02-17 23:44:21'),(298,1,0,154,15.74558,42.49308,141,142,'NULL','2017-02-18 06:38:03'),(299,1,0,154,15.77738,42.46350,142,143,'NULL','2017-02-18 06:46:52'),(300,1,0,152,15.87747,42.36652,143,143,'NULL','2017-02-18 07:15:40'),(301,1,0,157,16.02397,42.22312,143,143,'NULL','2017-02-18 07:57:34'),(302,1,0,151,19.03898,39.63572,145,149,'NULL','2017-02-18 21:17:58'),(303,1,0,162,16.39628,41.79935,151,150,'NULL','2017-02-18 09:53:46'),(304,1,0,160,17.25762,41.11825,120,120,'NULL','2017-02-18 13:35:34'),(305,1,0,155,15.21523,42.97243,141,144,'NULL','2017-02-18 04:15:46'),(306,1,0,158,17.92477,40.79537,122,123,'NULL','2017-02-18 15:50:00'),(307,1,0,156,14.14588,43.99907,137,138,'NULL','2017-02-17 23:19:39'),(308,1,0,175,15.45065,42.74250,143,144,'NULL','2017-02-18 05:20:57'),(309,1,0,154,15.56645,42.64230,135,137,'NULL','2017-02-18 05:51:39'),(310,1,0,161,16.34328,41.86995,149,150,'NULL','2017-02-18 09:35:46'),(311,1,0,159,17.86430,40.82547,123,123,'NULL','2017-02-18 15:37:37'),(312,1,0,155,15.22402,42.96425,141,144,'NULL','2017-02-18 04:18:10'),(313,1,0,160,17.29748,41.10030,120,120,'NULL','2017-02-18 13:43:28'),(314,1,0,165,18.14220,40.66010,143,144,'NULL','2017-02-18 16:38:43'),(315,1,0,155,16.66803,41.43903,150,150,'NULL','2017-02-18 11:28:58'),(316,1,0,159,17.24618,41.12365,123,123,'NULL','2017-02-18 13:33:16'),(317,1,0,155,16.92017,41.28971,125,124,'NULL','2017-02-18 12:25:28'),(318,1,0,160,17.53313,40.99133,122,122,'NULL','2017-02-18 14:30:10'),(319,1,0,152,19.00860,39.67118,146,149,'NULL','2017-02-18 21:07:52'),(320,1,0,161,16.37643,41.82622,150,150,'NULL','2017-02-18 09:46:57'),(321,1,0,157,14.38058,43.80310,141,142,'NULL','2017-02-18 00:18:52'),(322,1,0,157,16.00050,42.24648,142,143,'NULL','2017-02-18 07:50:51'),(323,1,0,152,16.20610,42.04424,149,150,'NULL','2017-02-18 08:49:40'),(324,1,0,160,18.07342,40.72068,123,123,'NULL','2017-02-18 16:20:37'),(325,1,0,156,15.36745,42.82588,142,144,'NULL','2017-02-18 04:58:22'),(326,1,0,164,18.13458,40.66778,143,144,'NULL','2017-02-18 16:36:37'),(327,1,0,157,16.05123,42.19537,143,143,'NULL','2017-02-18 08:05:28'),(328,1,0,160,17.26878,41.11327,120,120,'NULL','2017-02-18 13:37:46'),(329,1,0,154,16.15175,42.09873,142,143,'NULL','2017-02-18 08:33:52'),(330,1,0,154,16.18760,42.06372,142,143,'NULL','2017-02-18 08:44:04'),(331,1,0,157,14.12805,44.01323,137,138,'NULL','2017-02-17 23:15:16'),(332,1,0,161,18.12125,40.68118,142,144,'NULL','2017-02-18 16:32:54'),(333,1,0,154,16.60605,41.52225,150,150,'NULL','2017-02-18 11:06:45'),(334,1,0,158,17.08915,41.20178,124,123,'NULL','2017-02-18 13:01:04'),(335,1,0,154,16.18373,42.06755,142,143,'NULL','2017-02-18 08:42:58'),(336,1,0,160,18.33012,40.46763,143,143,'NULL','2017-02-18 17:31:32'),(337,1,0,154,16.61503,41.51027,150,150,'NULL','2017-02-18 11:09:58'),(338,1,0,158,17.07860,41.20718,123,123,'NULL','2017-02-18 12:58:52'),(339,1,0,158,17.93448,40.79052,123,123,'NULL','2017-02-18 15:52:02'),(340,1,0,156,16.01250,42.23460,143,143,'NULL','2017-02-18 07:54:16'),(341,1,0,155,16.02013,42.22695,143,143,'NULL','2017-02-18 07:56:28'),(342,1,0,161,17.42517,41.04352,122,122,'NULL','2017-02-18 14:08:28'),(343,1,0,159,17.59075,40.96325,122,122,'NULL','2017-02-18 14:41:51'),(344,1,0,156,13.99827,44.12831,145,145,'NULL','2017-02-17 22:40:59'),(345,1,0,154,16.91552,41.29223,125,124,'NULL','2017-02-18 12:24:28'),(346,1,0,160,17.73833,40.88892,123,123,'NULL','2017-02-18 15:11:57'),(347,1,0,158,17.92957,40.79300,123,123,'NULL','2017-02-18 15:51:01'),(348,1,0,156,15.36352,42.82969,142,144,'NULL','2017-02-18 04:57:16'),(349,1,0,181,15.43708,42.75625,144,144,'NULL','2017-02-18 05:17:34'),(350,1,0,154,16.14788,42.10245,142,143,'NULL','2017-02-18 08:32:46'),(351,1,0,151,15.85740,42.38602,142,143,'NULL','2017-02-18 07:09:52'),(352,1,0,160,17.59665,40.96037,123,123,'NULL','2017-02-18 14:43:04'),(353,1,0,156,15.64452,42.58212,137,137,'NULL','2017-02-18 06:10:57'),(354,1,0,159,17.22952,41.13202,123,123,'NULL','2017-02-18 13:29:52'),(355,1,0,157,14.75792,43.44308,142,143,'NULL','2017-02-18 02:02:16'),(356,1,0,152,15.93590,42.30962,142,143,'NULL','2017-02-18 07:32:34'),(357,1,0,156,16.99962,41.24753,124,123,'NULL','2017-02-18 12:42:28'),(358,1,0,160,18.33390,40.46375,143,143,'NULL','2017-02-18 17:32:37'),(359,1,0,152,15.78995,42.45133,142,143,'NULL','2017-02-18 06:50:28'),(360,1,0,155,16.83068,41.33717,124,124,'NULL','2017-02-18 12:06:22'),(361,1,0,160,18.06853,40.72318,123,123,'NULL','2017-02-18 16:19:36'),(362,1,0,156,16.85197,41.32608,125,124,'NULL','2017-02-18 12:10:51'),(363,1,0,154,15.94848,42.29733,142,143,'NULL','2017-02-18 07:36:10'),(364,1,0,152,15.48843,42.70615,142,142,'NULL','2017-02-18 05:31:16'),(365,1,0,161,16.35640,41.85277,150,150,'NULL','2017-02-18 09:40:09'),(366,1,0,156,14.11840,44.02103,137,138,'NULL','2017-02-17 23:12:51'),(367,1,0,158,15.47125,42.72247,142,142,'NULL','2017-02-18 05:26:28'),(368,1,0,153,16.58945,41.54465,150,150,'NULL','2017-02-18 11:00:46'),(369,1,0,162,18.26512,40.53368,142,143,'NULL','2017-02-18 17:13:06'),(370,1,0,159,18.02605,40.74467,123,123,'NULL','2017-02-18 16:10:54'),(371,1,0,157,14.16540,43.98342,137,138,'NULL','2017-02-17 23:24:29'),(372,1,0,160,16.39975,41.79470,151,150,'NULL','2017-02-18 09:54:57'),(373,1,0,160,17.84378,40.83580,123,123,'NULL','2017-02-18 15:33:25'),(374,1,0,152,15.90432,42.34042,142,143,'NULL','2017-02-18 07:23:27'),(375,1,0,154,15.24958,42.94007,142,144,'NULL','2017-02-18 04:25:16'),(376,1,0,154,16.58332,41.55287,151,150,'NULL','2017-02-18 10:58:34'),(377,1,0,156,15.59370,42.62127,136,138,'NULL','2017-02-18 05:58:22'),(378,1,0,161,16.40352,41.78960,151,150,'NULL','2017-02-18 09:56:16'),(379,1,0,161,17.40793,41.05142,120,119,'NULL','2017-02-18 14:05:04'),(380,1,0,154,16.64915,41.46428,150,150,'NULL','2017-02-18 11:22:15'),(381,1,0,150,19.06522,39.60585,146,149,'NULL','2017-02-18 21:26:34'),(382,1,0,155,15.63050,42.59307,136,137,'NULL','2017-02-18 06:07:27'),(383,1,0,155,15.75362,42.48565,141,142,'NULL','2017-02-18 06:40:16'),(384,1,0,158,16.48845,41.67742,150,150,'NULL','2017-02-18 10:25:28'),(385,1,0,156,15.97250,42.27390,143,143,'NULL','2017-02-18 07:42:57'),(386,1,0,157,17.13328,41.17967,123,123,'NULL','2017-02-18 13:10:10'),(387,1,0,158,17.94953,40.78310,122,123,'NULL','2017-02-18 15:55:07'),(388,1,0,154,16.59603,41.53575,150,150,'NULL','2017-02-18 11:03:09'),(389,1,0,156,13.89743,44.23320,144,145,'NULL','2017-02-17 22:11:37'),(390,1,0,152,16.20282,42.04825,147,149,'NULL','2017-02-18 08:48:34'),(391,1,0,155,15.32650,42.86623,143,144,'NULL','2017-02-18 04:46:46'),(392,1,0,156,18.09658,40.70615,142,143,'NULL','2017-02-18 16:25:49'),(393,1,0,158,16.28525,41.94408,149,150,'NULL','2017-02-18 09:16:22'),(394,1,0,150,19.09100,39.57538,147,149,'NULL','2017-02-18 21:35:16'),(395,1,0,153,15.68838,42.54475,140,140,'NULL','2017-02-18 06:22:27'),(396,1,0,160,16.41592,41.77277,151,150,'NULL','2017-02-18 10:00:34'),(397,1,0,155,16.68168,41.42090,150,150,'NULL','2017-02-18 11:33:46'),(398,1,0,161,17.44247,41.03498,122,122,'NULL','2017-02-18 14:11:58'),(399,1,0,153,16.12702,42.12217,142,143,'NULL','2017-02-18 08:26:52'),(400,1,0,159,14.35958,43.82253,142,142,'NULL','2017-02-18 00:13:16'),(401,1,0,155,15.18178,43.00547,145,145,'NULL','2017-02-18 04:06:16'),(402,1,0,156,15.98888,42.25795,143,143,'NULL','2017-02-18 07:47:34'),(403,1,0,154,15.74960,42.48938,141,142,'NULL','2017-02-18 06:39:10'),(404,1,0,157,17.94458,40.78553,122,123,'NULL','2017-02-18 15:54:07'),(405,1,0,153,16.54798,41.59968,149,150,'NULL','2017-02-18 10:46:04'),(406,1,0,155,16.57683,41.56165,150,150,'NULL','2017-02-18 10:56:15'),(407,1,0,158,16.31637,41.90463,149,150,'NULL','2017-02-18 09:26:46'),(408,1,0,155,15.18543,43.00155,145,145,'NULL','2017-02-18 04:07:22'),(409,1,0,156,14.02343,44.10190,145,145,'NULL','2017-02-17 22:48:22'),(410,1,0,152,15.88123,42.36282,142,143,'NULL','2017-02-18 07:16:46'),(411,1,0,166,18.14585,40.65635,143,144,'NULL','2017-02-18 16:39:43'),(412,1,0,163,18.25348,40.54537,142,143,'NULL','2017-02-18 17:09:55'),(413,1,0,160,18.31928,40.47875,143,143,'NULL','2017-02-18 17:28:25'),(414,1,0,158,16.47883,41.69003,150,150,'NULL','2017-02-18 10:22:11'),(415,1,0,155,14.46100,43.72890,141,142,'NULL','2017-02-18 00:40:40'),(416,1,0,154,16.72173,41.39220,123,124,'NULL','2017-02-18 11:43:40'),(417,1,0,160,18.36438,40.43196,143,143,'NULL','2017-02-18 17:41:24'),(418,1,0,156,14.00403,44.12223,145,145,'NULL','2017-02-17 22:42:40'),(419,1,0,155,16.85715,41.32338,124,124,'NULL','2017-02-18 12:11:57'),(420,1,0,162,18.21562,40.58338,143,143,'NULL','2017-02-18 16:59:20'),(421,1,0,158,17.17263,41.16020,123,123,'NULL','2017-02-18 13:18:16'),(422,1,0,160,17.87450,40.82027,123,123,'NULL','2017-02-18 15:39:43'),(423,1,0,158,16.45892,41.71597,149,150,'NULL','2017-02-18 10:15:21'),(424,1,0,158,16.49823,41.66438,150,150,'NULL','2017-02-18 10:28:52'),(425,1,0,157,14.14110,44.00290,137,138,'NULL','2017-02-17 23:18:29'),(426,1,0,155,16.95675,41.26992,125,124,'NULL','2017-02-18 12:33:22'),(427,1,0,161,17.77660,40.86943,123,123,'NULL','2017-02-18 15:19:42'),(428,1,0,159,16.50458,41.65592,150,150,'NULL','2017-02-18 10:31:04'),(429,1,0,158,18.10707,40.69530,143,144,'NULL','2017-02-18 16:28:55'),(430,1,0,154,16.93078,41.28397,125,124,'NULL','2017-02-18 12:27:46'),(431,1,0,154,16.93627,41.28098,125,124,'NULL','2017-02-18 12:28:58'),(432,1,0,157,16.03997,42.20695,144,143,'NULL','2017-02-18 08:02:10'),(433,1,0,155,16.09487,42.15258,142,143,'NULL','2017-02-18 08:17:52'),(434,1,0,154,15.60753,42.61072,135,137,'NULL','2017-02-18 06:01:46'),(435,1,0,161,18.31575,40.48243,143,143,'NULL','2017-02-18 17:27:08'),(436,1,0,161,18.35023,40.44678,143,143,'NULL','2017-02-18 17:37:02'),(437,1,0,161,18.35023,40.44678,143,143,'NULL','2017-02-18 17:37:19'),(438,1,0,159,18.86065,39.85008,150,149,'NULL','2017-02-18 20:19:22'),(439,1,0,158,17.89930,40.80783,123,123,'NULL','2017-02-18 15:44:50'),(440,1,0,159,18.03147,40.74197,123,123,'NULL','2017-02-18 16:12:01'),(441,1,0,157,18.10020,40.70232,143,144,'NULL','2017-02-18 16:26:54'),(442,1,0,164,15.46273,42.73046,142,142,'NULL','2017-02-18 05:24:10'),(443,1,0,155,15.26182,42.92835,142,144,'NULL','2017-02-18 04:28:40'),(444,1,0,155,16.81450,41.34552,124,124,'NULL','2017-02-18 12:02:58'),(445,1,0,156,18.09297,40.70953,137,139,'NULL','2017-02-18 16:24:49'),(446,1,0,155,15.38993,42.80372,143,144,'NULL','2017-02-18 05:04:46'),(447,1,0,179,15.42753,42.76585,143,144,'NULL','2017-02-18 05:15:10'),(448,1,0,153,15.94428,42.30143,142,143,'NULL','2017-02-18 07:34:58'),(449,1,0,159,17.56062,40.97795,122,122,'NULL','2017-02-18 14:35:45'),(450,1,0,155,16.96793,41.26402,124,123,'NULL','2017-02-18 12:35:45'),(451,1,0,154,16.68740,41.41345,148,147,'NULL','2017-02-18 11:35:46'),(452,1,0,157,16.77235,41.36683,122,125,'NULL','2017-02-18 11:54:10'),(453,1,0,160,18.07823,40.71827,123,123,'NULL','2017-02-18 16:21:37'),(454,1,0,158,18.10362,40.69882,143,144,'NULL','2017-02-18 16:27:54'),(455,1,0,154,16.56108,41.58260,150,150,'NULL','2017-02-18 10:50:40'),(456,1,0,161,16.39308,41.80370,151,150,'NULL','2017-02-18 09:52:39'),(457,1,0,153,16.13553,42.11417,141,143,'NULL','2017-02-18 08:29:16'),(458,1,0,154,16.16350,42.08740,142,143,'NULL','2017-02-18 08:37:10'),(459,1,0,160,17.34292,41.07977,120,119,'NULL','2017-02-18 13:52:27'),(460,1,0,166,18.15343,40.64848,143,144,'NULL','2017-02-18 16:41:49'),(461,1,0,153,16.63383,41.48492,151,150,'NULL','2017-02-18 11:16:45'),(462,1,0,160,17.74910,40.88343,123,123,'NULL','2017-02-18 15:14:10'),(463,1,0,159,16.43910,41.74140,150,150,'NULL','2017-02-18 10:08:39'),(464,1,0,159,17.87927,40.81787,123,123,'NULL','2017-02-18 15:40:43'),(465,1,0,157,17.04575,41.22395,124,123,'NULL','2017-02-18 12:52:04'),(466,1,0,160,18.32313,40.47483,143,143,'NULL','2017-02-18 17:29:30'),(467,1,0,155,15.73728,42.50072,141,142,'NULL','2017-02-18 06:35:46'),(468,1,0,158,17.99018,40.76282,123,123,'NULL','2017-02-18 16:03:14'),(469,1,0,155,16.52838,41.62500,149,150,'NULL','2017-02-18 10:39:16'),(470,1,0,156,16.79398,41.35602,124,124,'NULL','2017-02-18 11:58:40'),(471,1,0,155,15.25745,42.93255,142,144,'NULL','2017-02-18 04:27:28'),(472,1,0,153,15.56242,42.64537,136,137,'NULL','2017-02-18 05:50:39'),(473,1,0,158,17.08393,41.20445,123,123,'NULL','2017-02-18 12:59:58'),(474,1,0,154,16.64282,41.47285,150,150,'NULL','2017-02-18 11:19:58'),(475,1,0,152,15.49238,42.70240,141,142,'NULL','2017-02-18 05:32:22'),(476,1,0,162,16.36968,41.83522,150,150,'NULL','2017-02-18 09:44:39'),(477,1,0,156,16.68452,41.41717,150,150,'NULL','2017-02-18 11:34:46'),(478,1,0,160,18.05337,40.73083,123,123,'NULL','2017-02-18 16:16:14'),(479,1,0,156,16.83590,41.33445,125,124,'NULL','2017-02-18 12:07:28'),(480,1,0,156,16.86233,41.32068,124,124,'NULL','2017-02-18 12:13:04'),(481,1,0,167,18.15738,40.64437,144,144,'NULL','2017-02-18 16:42:55'),(482,1,0,158,16.29900,41.92668,149,150,'NULL','2017-02-18 09:20:58'),(483,1,0,155,15.57503,42.63570,135,137,'NULL','2017-02-18 05:53:46'),(484,1,0,160,17.75597,40.87990,123,123,'NULL','2017-02-18 15:15:31'),(485,1,0,166,18.16523,40.63612,144,144,'NULL','2017-02-18 16:45:05'),(486,1,0,156,15.21968,42.96830,141,144,'NULL','2017-02-18 04:16:58'),(487,1,0,159,17.57842,40.96925,122,122,'NULL','2017-02-18 14:39:21'),(488,1,0,165,18.19523,40.60428,144,144,'NULL','2017-02-18 16:53:37'),(489,1,0,152,15.50472,42.69073,142,142,'NULL','2017-02-18 05:35:51'),(490,1,0,156,15.58027,42.63162,136,137,'NULL','2017-02-18 05:55:04'),(491,1,0,154,15.68012,42.55193,139,140,'NULL','2017-02-18 06:20:16'),(492,1,0,158,16.44240,41.73723,149,150,'NULL','2017-02-18 10:09:45'),(493,1,0,155,16.65527,41.45607,150,150,'NULL','2017-02-18 11:24:27'),(494,1,0,156,15.40618,42.78740,144,144,'NULL','2017-02-18 05:09:28'),(495,1,0,156,15.47565,42.71827,142,142,'NULL','2017-02-18 05:27:40'),(496,1,0,154,16.12340,42.12558,142,143,'NULL','2017-02-18 08:25:51'),(497,1,0,160,14.35212,43.82955,142,142,'NULL','2017-02-18 00:11:16'),(498,1,0,157,14.24160,43.92295,138,138,'NULL','2017-02-17 23:43:11'),(499,1,0,151,15.54923,42.65545,136,137,'NULL','2017-02-18 05:47:21'),(500,1,0,153,18.99567,39.68598,145,149,'NULL','2017-02-18 21:03:39'),(501,1,0,155,15.24530,42.94415,142,144,'NULL','2017-02-18 04:24:04'),(502,1,0,155,14.08263,44.05065,138,138,'NULL','2017-02-17 23:03:47'),(503,1,0,160,18.05815,40.72842,123,123,'NULL','2017-02-18 16:17:14'),(504,1,0,158,16.26497,41.96995,149,150,'NULL','2017-02-18 09:09:33'),(505,1,0,160,17.60935,40.95395,123,123,'NULL','2017-02-18 14:45:40'),(506,1,0,163,18.21215,40.58697,143,143,'NULL','2017-02-18 16:58:19'),(507,1,0,159,17.90962,40.80280,122,123,'NULL','2017-02-18 15:46:55'),(508,1,0,164,18.13855,40.66375,143,144,'NULL','2017-02-18 16:37:42'),(509,1,0,154,16.64000,41.47665,150,150,'NULL','2017-02-18 11:18:58'),(510,1,0,155,16.07073,42.17600,143,143,'NULL','2017-02-18 08:11:03'),(511,1,0,157,17.03472,41.22955,123,123,'NULL','2017-02-18 12:49:46'),(512,1,0,149,19.15098,39.49940,149,149,'NULL','2017-02-18 21:56:34'),(513,1,0,156,15.37272,42.82075,143,144,'NULL','2017-02-18 04:59:52'),(514,1,0,155,13.91265,44.21755,144,145,'NULL','2017-02-17 22:15:59'),(515,1,0,154,15.67593,42.55562,139,140,'NULL','2017-02-18 06:19:10'),(516,1,0,159,17.30295,41.09785,121,120,'NULL','2017-02-18 13:44:34'),(517,1,0,156,13.88070,44.25020,144,145,'NULL','2017-02-17 22:06:46'),(518,2,0,198,34.65781,33.56754,55,56,'NULL','2017-02-17 22:07:05'),(519,1,0,156,13.88492,44.24595,144,145,'NULL','2017-02-17 22:07:58'),(520,1,0,156,13.88945,44.24130,144,145,'NULL','2017-02-17 22:09:16'),(521,2,0,198,34.67722,33.57887,55,56,'NULL','2017-02-17 22:10:41'),(522,1,0,156,13.89328,44.23742,145,145,'NULL','2017-02-17 22:10:22'),(523,1,0,157,13.86900,44.26245,146,147,'NULL','2017-02-17 22:03:21'),(524,1,0,155,14.06877,44.06200,138,138,'NULL','2017-02-17 23:00:16'),(525,2,0,158,33.33869,34.37473,288,288,'NULL','2017-02-18 14:56:13'),(526,2,0,158,33.89908,34.23135,287,287,'NULL','2017-02-18 13:03:24'),(527,2,0,198,34.68541,33.58361,55,56,'NULL','2017-02-17 22:12:11'),(528,1,0,155,13.90118,44.22927,145,145,'NULL','2017-02-17 22:12:40'),(529,2,0,198,34.69083,33.58672,55,55,'NULL','2017-02-17 22:13:11'),(530,1,0,155,13.90530,44.22505,144,145,'NULL','2017-02-17 22:13:52'),(531,1,0,155,13.90917,44.22110,144,145,'NULL','2017-02-17 22:14:58'),(532,2,0,198,34.70501,33.59457,57,57,'NULL','2017-02-17 22:15:47'),(533,1,0,155,13.92013,44.20984,144,145,'NULL','2017-02-17 22:18:10'),(534,2,0,198,34.71932,33.60245,56,56,'NULL','2017-02-17 22:18:23'),(535,1,0,155,13.92433,44.20555,144,145,'NULL','2017-02-17 22:19:22'),(536,1,0,156,13.92818,44.20163,144,145,'NULL','2017-02-17 22:20:28'),(537,2,0,197,34.73141,33.60904,57,56,'NULL','2017-02-17 22:20:35'),(538,2,0,198,34.73692,33.61204,56,56,'NULL','2017-02-17 22:21:35'),(539,1,0,156,13.93227,44.19747,144,145,'NULL','2017-02-17 22:21:39'),(540,1,0,156,13.93613,44.19350,144,145,'NULL','2017-02-17 22:22:46'),(541,2,0,197,34.74463,33.61625,57,57,'NULL','2017-02-17 22:22:59'),(542,1,0,156,13.94062,44.18887,144,145,'NULL','2017-02-17 22:24:03'),(543,2,0,197,34.75455,33.62163,56,56,'NULL','2017-02-17 22:24:47'),(544,1,0,156,13.94537,44.18393,145,145,'NULL','2017-02-17 22:25:27'),(545,2,0,197,34.77545,33.63301,56,57,'NULL','2017-02-17 22:28:35'),(546,2,0,197,34.78316,33.63719,56,56,'NULL','2017-02-17 22:29:59'),(547,1,0,155,13.96585,44.16255,145,145,'NULL','2017-02-17 22:31:28'),(548,2,0,198,34.79750,33.64496,56,57,'NULL','2017-02-17 22:32:35'),(549,2,0,197,34.81533,33.65456,57,56,'NULL','2017-02-17 22:35:47'),(550,2,0,199,34.85247,33.67465,56,56,'NULL','2017-02-17 22:42:29'),(551,1,0,156,14.00737,44.11873,145,145,'NULL','2017-02-17 22:43:40'),(552,1,0,156,14.01152,44.11438,145,145,'NULL','2017-02-17 22:44:52'),(553,2,0,198,34.86767,33.68335,55,55,'NULL','2017-02-17 22:45:17'),(554,2,0,199,34.87584,33.68802,55,55,'NULL','2017-02-17 22:46:47'),(555,1,0,156,14.01968,44.10585,145,145,'NULL','2017-02-17 22:47:15'),(556,2,0,199,34.88338,33.69238,55,54,'NULL','2017-02-17 22:48:10'),(557,2,0,199,34.89551,33.69931,55,54,'NULL','2017-02-17 22:50:23'),(558,1,0,156,14.03590,44.08952,141,140,'NULL','2017-02-17 22:51:53'),(559,2,0,199,34.91028,33.70773,55,55,'NULL','2017-02-17 22:53:05'),(560,1,0,156,14.04037,44.08558,140,140,'NULL','2017-02-17 22:53:04'),(561,2,0,199,34.91632,33.71118,56,55,'NULL','2017-02-17 22:54:11'),(562,2,0,199,34.92453,33.71588,55,54,'NULL','2017-02-17 22:55:41'),(563,1,0,155,14.06000,44.06922,138,138,'NULL','2017-02-17 22:58:03'),(564,2,0,199,34.95195,33.73156,56,55,'NULL','2017-02-17 23:00:41'),(565,1,0,156,14.07345,44.05813,138,138,'NULL','2017-02-17 23:01:27'),(566,2,0,199,34.95799,33.73501,55,55,'NULL','2017-02-17 23:01:47'),(567,1,0,156,14.07790,44.05453,138,138,'NULL','2017-02-17 23:02:37'),(568,2,0,199,34.96412,33.73849,55,55,'NULL','2017-02-17 23:02:53'),(569,2,0,199,34.97112,33.74251,55,55,'NULL','2017-02-17 23:04:11'),(570,1,0,156,14.08855,44.04575,138,138,'NULL','2017-02-17 23:05:16'),(571,2,0,198,34.97879,33.74686,55,55,'NULL','2017-02-17 23:05:34'),(572,1,0,155,14.09313,44.04197,139,138,'NULL','2017-02-17 23:06:27'),(573,2,0,196,34.98642,33.75117,56,55,'NULL','2017-02-17 23:06:59'),(574,1,0,155,14.09820,44.03762,139,138,'NULL','2017-02-17 23:07:47'),(575,2,0,194,34.99290,33.75483,56,55,'NULL','2017-02-17 23:08:10'),(576,2,0,193,34.99825,33.75782,56,55,'NULL','2017-02-17 23:09:10'),(577,1,0,156,14.10808,44.02943,139,138,'NULL','2017-02-17 23:10:17'),(578,2,0,190,35.00882,33.76375,56,54,'NULL','2017-02-17 23:11:10'),(579,1,0,155,14.11320,44.02517,138,138,'NULL','2017-02-17 23:11:35'),(580,2,0,187,35.01614,33.76783,56,55,'NULL','2017-02-17 23:12:35'),(581,2,0,185,35.02281,33.77159,56,55,'NULL','2017-02-17 23:13:53'),(582,1,0,156,14.12360,44.01683,138,139,'NULL','2017-02-17 23:14:10'),(583,2,0,183,35.02840,33.77474,55,54,'NULL','2017-02-17 23:14:59'),(584,2,0,181,35.03445,33.77811,56,55,'NULL','2017-02-17 23:16:11'),(585,1,0,156,14.13205,44.01008,137,138,'NULL','2017-02-17 23:16:17'),(586,1,0,157,14.13698,44.00617,137,138,'NULL','2017-02-17 23:17:28'),(587,2,0,179,35.04606,33.78451,57,54,'NULL','2017-02-17 23:18:29'),(588,2,0,178,35.05246,33.78801,56,54,'NULL','2017-02-17 23:19:47'),(589,2,0,178,35.05843,33.79129,56,54,'NULL','2017-02-17 23:20:58'),(590,1,0,157,14.15522,43.99154,138,138,'NULL','2017-02-17 23:22:00'),(591,1,0,158,14.16092,43.98698,137,138,'NULL','2017-02-17 23:23:22'),(592,2,0,179,35.07688,33.80146,56,55,'NULL','2017-02-17 23:24:41'),(593,1,0,157,14.17035,43.97952,137,138,'NULL','2017-02-17 23:25:41'),(594,2,0,178,35.08273,33.80475,56,54,'NULL','2017-02-17 23:25:53'),(595,2,0,178,35.08864,33.80809,56,55,'NULL','2017-02-17 23:27:05'),(596,2,0,178,35.09462,33.81146,55,54,'NULL','2017-02-17 23:28:17'),(597,2,0,177,35.10333,33.81643,55,55,'NULL','2017-02-17 23:30:04'),(598,2,0,177,35.10873,33.81947,56,55,'NULL','2017-02-17 23:31:11'),(599,2,0,177,35.11949,33.82553,55,54,'NULL','2017-02-17 23:33:23'),(600,2,0,176,35.12533,33.82884,55,55,'NULL','2017-02-17 23:34:35'),(601,2,0,176,35.13605,33.83489,55,54,'NULL','2017-02-17 23:36:47'),(602,2,0,176,35.14139,33.83794,55,55,'NULL','2017-02-17 23:37:53'),(603,1,0,158,14.22180,43.93893,137,138,'NULL','2017-02-17 23:38:16'),(604,2,0,176,35.14769,33.84155,55,55,'NULL','2017-02-17 23:39:11'),(605,1,0,157,14.22662,43.93507,138,138,'NULL','2017-02-17 23:39:27'),(606,2,0,176,35.15349,33.84490,55,54,'NULL','2017-02-17 23:40:23'),(607,2,0,176,35.15985,33.84859,55,55,'NULL','2017-02-17 23:41:41'),(608,2,0,176,35.17656,33.85826,55,55,'NULL','2017-02-17 23:45:10'),(609,1,0,158,14.25093,43.91545,138,138,'NULL','2017-02-17 23:45:28'),(610,2,0,176,35.18197,33.86137,55,54,'NULL','2017-02-17 23:46:16'),(611,1,0,158,14.25537,43.91188,138,138,'NULL','2017-02-17 23:46:34'),(612,2,0,175,35.18728,33.86441,55,55,'NULL','2017-02-17 23:47:23'),(613,1,0,157,14.26020,43.90803,137,138,'NULL','2017-02-17 23:47:46'),(614,2,0,175,35.19261,33.86744,55,55,'NULL','2017-02-17 23:48:29'),(615,2,0,167,35.19705,33.87066,42,39,'NULL','2017-02-17 23:49:30'),(616,2,0,170,35.20143,33.87531,39,39,'NULL','2017-02-17 23:50:47'),(617,2,0,171,35.20532,33.87950,36,35,'NULL','2017-02-17 23:51:53'),(618,2,0,173,35.20903,33.88379,36,35,'NULL','2017-02-17 23:52:59'),(619,1,0,157,14.28295,43.88968,138,138,'NULL','2017-02-17 23:53:22'),(620,2,0,174,35.21305,33.88842,36,35,'NULL','2017-02-17 23:54:11'),(621,2,0,175,35.21685,33.89284,35,35,'NULL','2017-02-17 23:55:17'),(622,1,0,156,14.29415,43.88060,138,138,'NULL','2017-02-17 23:56:11'),(623,2,0,175,35.22056,33.89713,36,35,'NULL','2017-02-17 23:56:23'),(624,2,0,175,35.22402,33.90107,35,35,'NULL','2017-02-17 23:57:23'),(625,1,0,156,14.30963,43.86805,138,138,'NULL','2017-02-18 00:00:04'),(626,2,0,176,35.24051,33.91312,67,68,'NULL','2017-02-18 00:01:11'),(627,1,0,155,14.31430,43.86410,140,141,'NULL','2017-02-18 00:01:15'),(628,2,0,175,35.24668,33.91470,75,74,'NULL','2017-02-18 00:02:17'),(629,1,0,155,14.31887,43.86007,140,141,'NULL','2017-02-18 00:02:28'),(630,2,0,175,35.25303,33.91565,83,83,'NULL','2017-02-18 00:03:23'),(631,2,0,172,35.26105,33.91650,82,83,'NULL','2017-02-18 00:04:46'),(632,2,0,171,35.26736,33.91686,87,86,'NULL','2017-02-18 00:05:53'),(633,1,0,159,14.34085,43.84013,142,142,'NULL','2017-02-18 00:08:16'),(634,2,0,167,35.28148,33.91766,86,86,'NULL','2017-02-18 00:08:23'),(635,2,0,165,35.28867,33.91807,86,85,'NULL','2017-02-18 00:09:40'),(636,2,0,161,35.30115,33.91870,86,86,'NULL','2017-02-18 00:11:59'),(637,2,0,159,35.30755,33.91901,86,86,'NULL','2017-02-18 00:13:11'),(638,2,0,157,35.31343,33.91932,86,85,'NULL','2017-02-18 00:14:17'),(639,1,0,158,14.36482,43.81765,141,142,'NULL','2017-02-18 00:14:39'),(640,2,0,154,35.31956,33.91962,86,86,'NULL','2017-02-18 00:15:28'),(641,2,0,153,35.32519,33.91989,88,88,'NULL','2017-02-18 00:16:35'),(642,2,0,138,35.33639,33.92010,88,88,'NULL','2017-02-18 00:18:52'),(643,2,0,131,35.34177,33.92020,88,87,'NULL','2017-02-18 00:20:05'),(644,2,0,118,35.35102,33.92041,88,88,'NULL','2017-02-18 00:22:17'),(645,2,0,111,35.35532,33.92049,88,88,'NULL','2017-02-18 00:23:26'),(646,2,0,106,35.35960,33.92057,88,88,'NULL','2017-02-18 00:24:37'),(647,2,0,102,35.36480,33.92065,89,88,'NULL','2017-02-18 00:26:07'),(648,2,0,99,35.36921,33.92071,88,87,'NULL','2017-02-18 00:27:26'),(649,2,0,98,35.37311,33.92077,89,87,'NULL','2017-02-18 00:28:37'),(650,2,0,97,35.37698,33.92084,89,88,'NULL','2017-02-18 00:29:48'),(651,2,0,96,35.39261,33.92113,88,88,'NULL','2017-02-18 00:34:37'),(652,2,0,96,35.39687,33.92118,89,88,'NULL','2017-02-18 00:35:57'),(653,1,0,154,14.45658,43.73287,140,142,'NULL','2017-02-18 00:39:28'),(654,2,0,96,35.41717,33.92140,89,88,'NULL','2017-02-18 00:42:17'),(655,2,0,95,35.43310,33.92151,89,88,'NULL','2017-02-18 00:47:16'),(656,2,0,95,35.43740,33.92154,89,88,'NULL','2017-02-18 00:48:38'),(657,2,0,94,35.44153,33.92156,89,88,'NULL','2017-02-18 00:49:56'),(658,2,0,94,35.44533,33.92158,89,88,'NULL','2017-02-18 00:51:07'),(659,2,0,94,35.44895,33.92159,89,88,'NULL','2017-02-18 00:52:17'),(660,2,0,94,35.46529,33.92165,89,88,'NULL','2017-02-18 00:57:27'),(661,2,0,92,35.47261,33.92190,87,85,'NULL','2017-02-18 00:59:47'),(662,2,0,89,35.47617,33.92208,86,85,'NULL','2017-02-18 01:00:58'),(663,2,0,85,35.47956,33.92227,85,85,'NULL','2017-02-18 01:02:08'),(664,2,0,80,35.48686,33.92299,79,79,'NULL','2017-02-18 01:04:47'),(665,2,0,80,35.48997,33.92344,80,80,'NULL','2017-02-18 01:05:57'),(666,2,0,80,35.49343,33.92397,79,80,'NULL','2017-02-18 01:07:16'),(667,2,0,79,35.50270,33.92543,79,80,'NULL','2017-02-18 01:10:48'),(668,2,0,79,35.50617,33.92597,79,80,'NULL','2017-02-18 01:12:07'),(669,2,0,79,35.50916,33.92643,79,80,'NULL','2017-02-18 01:13:17'),(670,2,0,79,35.51224,33.92688,79,80,'NULL','2017-02-18 01:14:28'),(671,2,0,79,35.51562,33.92737,82,83,'NULL','2017-02-18 01:15:46'),(672,2,0,37,35.52297,33.92728,105,109,'NULL','2017-02-18 01:19:27'),(673,2,0,9,35.52414,33.92705,58,127,'NULL','2017-02-18 01:21:27'),(674,2,0,6,35.52421,33.92749,355,123,'NULL','2017-02-18 01:23:27'),(675,2,0,3,35.52409,33.92775,324,122,'NULL','2017-02-18 01:25:47'),(676,2,0,3,35.52379,33.92814,323,123,'NULL','2017-02-18 01:30:47'),(677,2,0,4,35.52320,33.92895,329,114,'NULL','2017-02-18 01:39:36'),(678,2,0,4,35.52289,33.92937,325,106,'NULL','2017-02-18 01:43:56'),(679,2,0,4,35.52256,33.92975,323,98,'NULL','2017-02-18 01:48:16'),(680,1,0,157,14.73758,43.46262,142,143,'NULL','2017-02-18 01:56:40'),(681,2,0,9,35.52210,33.93007,90,106,'NULL','2017-02-18 01:57:16'),(682,1,0,157,14.74477,43.45572,142,143,'NULL','2017-02-18 01:58:40'),(683,2,0,32,35.52356,33.92979,104,106,'NULL','2017-02-18 01:59:07'),(684,2,0,28,35.52583,33.92928,107,109,'NULL','2017-02-18 02:01:27'),(685,2,0,24,35.52742,33.92868,120,124,'NULL','2017-02-18 02:03:27'),(686,2,0,19,35.52879,33.92783,128,137,'NULL','2017-02-18 02:05:48'),(687,1,0,157,14.77760,43.42432,142,143,'NULL','2017-02-18 02:07:40'),(688,1,0,157,14.78117,43.42092,142,143,'NULL','2017-02-18 02:08:40'),(689,2,0,3,35.53007,33.92697,105,142,'NULL','2017-02-18 02:10:26'),(690,2,0,3,35.53043,33.92680,128,141,'NULL','2017-02-18 02:14:17'),(691,2,0,67,35.53480,33.92250,141,141,'NULL','2017-02-18 02:27:16'),(692,2,0,71,35.53595,33.92064,160,164,'NULL','2017-02-18 02:28:20'),(693,2,0,65,35.53550,33.91649,205,209,'NULL','2017-02-18 02:30:37'),(694,2,0,65,35.53400,33.91479,222,225,'NULL','2017-02-18 02:31:46'),(695,2,0,51,35.53043,33.91205,229,228,'NULL','2017-02-18 02:34:16'),(696,2,0,35,35.52540,33.90833,225,223,'NULL','2017-02-18 02:39:07'),(697,2,0,27,35.52266,33.90646,230,230,'NULL','2017-02-18 02:42:37'),(698,2,0,8,35.52127,33.90593,13,264,'NULL','2017-02-18 02:46:47'),(699,2,0,9,35.52170,33.90638,123,357,'NULL','2017-02-18 02:51:18'),(700,2,0,16,35.52354,33.90709,56,57,'NULL','2017-02-18 02:55:47'),(701,1,0,153,14.97930,43.22813,143,145,'NULL','2017-02-18 03:04:16'),(702,2,5,1,35.52530,33.90765,68,59,'NULL','2017-02-18 03:05:22'),(703,2,5,2,35.52525,33.90763,267,57,'NULL','2017-02-18 03:08:24'),(704,2,5,0,35.52519,33.90761,261,57,'NULL','2017-02-18 03:11:22'),(705,2,5,0,35.52519,33.90762,261,57,'NULL','2017-02-18 03:14:25'),(706,2,5,0,35.52520,33.90762,261,57,'NULL','2017-02-18 03:32:25'),(707,2,5,0,35.52520,33.90762,261,57,'NULL','2017-02-18 03:35:25'),(708,2,5,0,35.52522,33.90762,261,57,'NULL','2017-02-18 03:41:23'),(709,2,5,0,35.52518,33.90763,261,57,'NULL','2017-02-18 03:44:25'),(710,1,0,157,15.12343,43.07920,144,147,'NULL','2017-02-18 03:46:28'),(711,2,5,0,35.52518,33.90762,261,57,'NULL','2017-02-18 03:47:23'),(712,2,5,0,35.52520,33.90761,261,57,'NULL','2017-02-18 03:56:21'),(713,1,0,153,15.15320,43.04197,149,151,'NULL','2017-02-18 03:56:28'),(714,1,0,154,15.17817,43.00947,149,148,'NULL','2017-02-18 04:05:09'),(715,2,5,0,35.52521,33.90760,261,57,'NULL','2017-02-18 04:11:23'),(716,2,5,0,35.52522,33.90761,261,57,'NULL','2017-02-18 04:14:22'),(717,2,5,0,35.52518,33.90762,261,57,'NULL','2017-02-18 04:17:23'),(718,2,5,0,35.52519,33.90761,261,57,'NULL','2017-02-18 04:20:21'),(719,1,0,155,15.23303,42.95573,142,144,'NULL','2017-02-18 04:20:40'),(720,1,0,154,15.24132,42.94793,142,144,'NULL','2017-02-18 04:22:58'),(721,2,5,0,35.52520,33.90761,261,57,'NULL','2017-02-18 04:23:22'),(722,2,5,0,35.52520,33.90761,261,57,'NULL','2017-02-18 04:26:22'),(723,2,5,0,35.52520,33.90761,261,57,'NULL','2017-02-18 04:29:23'),(724,1,0,155,15.26963,42.92087,142,144,'NULL','2017-02-18 04:30:52'),(725,1,0,155,15.27357,42.91712,142,144,'NULL','2017-02-18 04:31:58'),(726,2,5,0,35.52521,33.90761,261,57,'NULL','2017-02-18 04:32:21'),(727,1,0,155,15.27820,42.91275,142,144,'NULL','2017-02-18 04:33:15'),(728,1,0,155,15.28262,42.90862,141,144,'NULL','2017-02-18 04:34:27'),(729,2,5,0,35.52519,33.90762,261,57,'NULL','2017-02-18 04:35:23'),(730,2,5,0,35.52520,33.90761,261,57,'NULL','2017-02-18 04:38:23'),(731,1,0,156,15.30275,42.88943,142,144,'NULL','2017-02-18 04:40:04'),(732,2,5,0,35.52521,33.90761,261,57,'NULL','2017-02-18 04:41:22'),(733,1,0,156,15.31122,42.88122,142,144,'NULL','2017-02-18 04:42:27'),(734,1,0,155,15.31510,42.87740,142,144,'NULL','2017-02-18 04:43:34'),(735,2,5,0,35.52521,33.90761,261,57,'NULL','2017-02-18 04:44:23'),(736,1,0,156,15.31870,42.87385,143,144,'NULL','2017-02-18 04:44:34'),(737,1,0,155,15.32255,42.87008,142,144,'NULL','2017-02-18 04:45:40'),(738,2,5,0,35.52522,33.90761,261,57,'NULL','2017-02-18 04:47:22'),(739,1,0,155,15.34645,42.84645,144,144,'NULL','2017-02-18 04:52:28'),(740,2,5,0,35.52520,33.90761,261,57,'NULL','2017-02-18 04:53:23'),(741,1,0,157,15.35023,42.84265,143,144,'NULL','2017-02-18 04:53:34'),(742,1,0,157,15.35458,42.83837,142,144,'NULL','2017-02-18 04:54:46'),(743,1,0,156,15.35882,42.83427,142,144,'NULL','2017-02-18 04:55:57'),(744,1,0,155,15.37765,42.81590,143,144,'NULL','2017-02-18 05:01:16'),(745,1,0,155,15.38600,42.80767,143,144,'NULL','2017-02-18 05:03:39'),(746,2,5,0,35.52522,33.90761,261,57,'NULL','2017-02-18 05:05:24'),(747,1,0,155,15.39757,42.79612,144,144,'NULL','2017-02-18 05:06:58'),(748,2,5,0,35.52522,33.90761,261,57,'NULL','2017-02-18 05:08:24'),(749,1,0,155,15.40233,42.79130,143,144,'NULL','2017-02-18 05:08:21'),(750,2,5,0,35.52522,33.90762,261,57,'NULL','2017-02-18 05:11:26'),(751,1,0,163,15.41385,42.77960,143,144,'NULL','2017-02-18 05:11:40'),(752,1,0,172,15.41790,42.77547,143,144,'NULL','2017-02-18 05:12:45'),(753,1,0,178,15.42232,42.77108,143,144,'NULL','2017-02-18 05:13:52'),(754,1,0,179,15.43232,42.76103,144,144,'NULL','2017-02-18 05:16:22'),(755,2,5,0,35.52521,33.90762,261,57,'NULL','2017-02-18 05:17:24'),(756,1,0,180,15.44590,42.74732,144,144,'NULL','2017-02-18 05:19:45'),(757,2,5,0,35.52521,33.90762,261,57,'NULL','2017-02-18 05:20:24'),(758,1,0,165,15.45893,42.73409,143,143,'NULL','2017-02-18 05:23:10'),(759,2,5,0,35.52522,33.90762,261,57,'NULL','2017-02-18 05:23:24'),(760,2,5,0,35.52521,33.90761,261,57,'NULL','2017-02-18 05:26:25'),(761,1,0,155,15.48062,42.71357,142,142,'NULL','2017-02-18 05:29:04'),(762,2,5,0,35.52521,33.90761,261,57,'NULL','2017-02-18 05:29:24'),(763,1,0,152,15.49665,42.69843,141,142,'NULL','2017-02-18 05:33:34'),(764,2,5,0,35.52522,33.90763,261,57,'NULL','2017-02-18 05:41:24'),(765,1,0,150,15.52647,42.67295,136,136,'NULL','2017-02-18 05:41:34'),(766,1,0,149,15.53123,42.66930,135,136,'NULL','2017-02-18 05:42:46'),(767,1,0,149,15.53592,42.66573,135,136,'NULL','2017-02-18 05:43:58'),(768,2,5,0,35.52519,33.90762,261,57,'NULL','2017-02-18 05:44:25'),(769,1,0,150,15.54025,42.66245,135,137,'NULL','2017-02-18 05:45:04'),(770,1,0,152,15.54455,42.65908,136,137,'NULL','2017-02-18 05:46:10'),(771,2,5,0,35.52519,33.90762,261,57,'NULL','2017-02-18 05:47:24'),(772,2,5,0,35.52520,33.90762,261,57,'NULL','2017-02-18 05:50:24'),(773,1,0,156,15.58467,42.62823,136,137,'NULL','2017-02-18 05:56:09'),(774,1,0,157,15.58922,42.62470,136,137,'NULL','2017-02-18 05:57:16'),(775,2,5,0,35.52521,33.90761,261,57,'NULL','2017-02-18 05:59:24'),(776,1,0,154,15.60307,42.61413,136,137,'NULL','2017-02-18 06:00:40'),(777,2,5,0,35.52519,33.90762,261,57,'NULL','2017-02-18 06:02:24'),(778,1,0,154,15.61200,42.60732,136,137,'NULL','2017-02-18 06:02:52'),(779,1,0,154,15.62165,42.59986,136,137,'NULL','2017-02-18 06:05:16'),(780,2,5,0,35.52519,33.90761,261,57,'NULL','2017-02-18 06:05:22'),(781,1,0,155,15.62645,42.59617,136,137,'NULL','2017-02-18 06:06:27'),(782,2,5,0,35.52521,33.90762,261,57,'NULL','2017-02-18 06:08:24'),(783,1,0,155,15.63535,42.58928,136,137,'NULL','2017-02-18 06:08:40'),(784,1,0,155,15.64018,42.58553,136,137,'NULL','2017-02-18 06:09:52'),(785,2,5,0,35.52519,33.90762,261,57,'NULL','2017-02-18 06:11:23'),(786,1,0,156,15.64897,42.57862,137,137,'NULL','2017-02-18 06:12:03'),(787,1,0,154,15.65380,42.57482,137,138,'NULL','2017-02-18 06:13:16'),(788,1,0,154,15.66660,42.56378,140,140,'NULL','2017-02-18 06:16:40'),(789,1,0,154,15.67183,42.55923,139,140,'NULL','2017-02-18 06:18:03'),(790,2,5,0,35.52522,33.90762,261,57,'NULL','2017-02-18 06:20:23'),(791,1,0,154,15.68420,42.54838,139,140,'NULL','2017-02-18 06:21:21'),(792,2,5,0,35.52522,33.90761,261,57,'NULL','2017-02-18 06:23:25'),(793,1,0,153,15.69655,42.53765,139,140,'NULL','2017-02-18 06:24:40'),(794,1,0,154,15.70073,42.53403,139,140,'NULL','2017-02-18 06:25:46'),(795,2,5,0,35.52519,33.90761,261,57,'NULL','2017-02-18 06:26:22'),(796,1,0,154,15.70477,42.53047,140,140,'NULL','2017-02-18 06:26:52'),(797,1,0,154,15.71295,42.52308,140,141,'NULL','2017-02-18 06:29:04'),(798,2,5,0,35.52522,33.90764,261,57,'NULL','2017-02-18 06:29:26'),(799,1,0,154,15.72102,42.51582,141,141,'NULL','2017-02-18 06:31:16'),(800,1,0,154,15.73327,42.50447,142,142,'NULL','2017-02-18 06:34:39'),(801,2,5,0,35.52519,33.90762,261,57,'NULL','2017-02-18 06:41:24'),(802,1,0,154,15.76198,42.47795,141,142,'NULL','2017-02-18 06:42:33'),(803,1,0,153,15.76597,42.47430,141,142,'NULL','2017-02-18 06:43:40'),(804,2,5,0,35.52519,33.90761,261,57,'NULL','2017-02-18 06:44:21'),(805,1,0,154,15.76987,42.47065,141,142,'NULL','2017-02-18 06:44:46'),(806,1,0,153,15.77385,42.46690,141,142,'NULL','2017-02-18 06:45:52'),(807,2,5,0,35.52520,33.90761,261,57,'NULL','2017-02-18 06:47:24'),(808,1,0,153,15.78127,42.45977,142,143,'NULL','2017-02-18 06:47:58'),(809,1,0,152,15.78538,42.45576,142,143,'NULL','2017-02-18 06:49:09'),(810,2,5,0,35.52519,33.90762,261,57,'NULL','2017-02-18 06:50:23'),(811,2,5,0,35.52521,33.90763,261,57,'NULL','2017-02-18 06:53:26'),(812,1,0,152,15.80637,42.43555,142,143,'NULL','2017-02-18 06:55:10'),(813,1,0,152,15.81022,42.43182,142,143,'NULL','2017-02-18 06:56:16'),(814,1,0,152,15.81402,42.42818,142,143,'NULL','2017-02-18 06:57:22'),(815,1,0,152,15.81783,42.42450,142,143,'NULL','2017-02-18 06:58:27'),(816,2,5,0,35.52521,33.90762,261,57,'NULL','2017-02-18 06:59:26'),(817,1,0,152,15.82965,42.41305,142,143,'NULL','2017-02-18 07:01:51'),(818,1,0,152,15.83352,42.40928,142,143,'NULL','2017-02-18 07:02:58'),(819,1,0,151,15.83767,42.40523,142,143,'NULL','2017-02-18 07:04:10'),(820,1,0,151,15.84138,42.40160,142,143,'NULL','2017-02-18 07:05:16'),(821,1,0,153,15.84900,42.39417,142,143,'NULL','2017-02-18 07:07:27'),(822,1,0,152,15.85243,42.39080,142,143,'NULL','2017-02-18 07:08:27'),(823,1,0,151,15.86492,42.37868,142,143,'NULL','2017-02-18 07:12:04'),(824,1,0,152,15.86917,42.37458,142,143,'NULL','2017-02-18 07:13:16'),(825,2,5,0,35.52519,33.90763,261,57,'NULL','2017-02-18 07:14:25'),(826,1,0,152,15.87360,42.37027,142,143,'NULL','2017-02-18 07:14:33'),(827,2,5,8,35.52527,33.90768,45,58,'NULL','2017-02-18 07:17:23'),(828,2,5,36,35.52664,33.90840,59,59,'NULL','2017-02-18 07:19:21'),(829,2,5,44,35.52802,33.90910,53,56,'NULL','2017-02-18 07:20:30'),(830,1,0,151,15.90023,42.34440,142,143,'NULL','2017-02-18 07:22:16'),(831,2,0,55,35.53634,33.91774,34,33,'NULL','2017-02-18 07:26:50'),(832,1,0,151,15.91620,42.32888,142,143,'NULL','2017-02-18 07:26:52'),(833,2,0,46,35.53734,33.91914,26,22,'NULL','2017-02-18 07:28:00'),(834,1,0,151,15.92030,42.32492,142,143,'NULL','2017-02-18 07:28:03'),(835,2,0,38,35.53781,33.92040,10,4,'NULL','2017-02-18 07:29:11'),(836,2,0,41,35.53696,33.92313,323,317,'NULL','2017-02-18 07:32:00'),(837,2,0,45,35.53588,33.92392,304,297,'NULL','2017-02-18 07:33:01'),(838,2,0,55,35.53409,33.92459,287,281,'NULL','2017-02-18 07:34:10'),(839,2,0,66,35.53110,33.92489,273,269,'NULL','2017-02-18 07:35:40'),(840,2,0,82,35.52813,33.92495,270,270,'NULL','2017-02-18 07:36:50'),(841,2,0,94,35.52464,33.92496,270,269,'NULL','2017-02-18 07:38:01'),(842,1,0,156,15.96428,42.28187,142,143,'NULL','2017-02-18 07:40:40'),(843,2,0,109,35.51220,33.92350,260,260,'NULL','2017-02-18 07:41:41'),(844,1,0,156,15.96857,42.27772,142,143,'NULL','2017-02-18 07:41:52'),(845,2,0,119,35.50774,33.92311,267,268,'NULL','2017-02-18 07:42:51'),(846,2,0,126,35.50292,33.92308,270,270,'NULL','2017-02-18 07:44:01'),(847,2,0,141,35.49089,33.92317,269,269,'NULL','2017-02-18 07:46:42'),(848,2,0,147,35.48018,33.92305,269,270,'NULL','2017-02-18 07:48:55'),(849,1,0,156,15.99653,42.25038,143,143,'NULL','2017-02-18 07:49:46'),(850,2,0,149,35.47474,33.92299,269,270,'NULL','2017-02-18 07:50:00'),(851,2,0,151,35.46871,33.92292,269,270,'NULL','2017-02-18 07:51:12'),(852,2,0,152,35.46272,33.92285,269,270,'NULL','2017-02-18 07:52:24'),(853,1,0,156,16.00857,42.23848,143,143,'NULL','2017-02-18 07:53:09'),(854,2,0,153,35.45702,33.92281,269,269,'NULL','2017-02-18 07:53:31'),(855,2,0,154,35.45138,33.92275,269,270,'NULL','2017-02-18 07:54:37'),(856,2,0,154,35.44521,33.92269,269,270,'NULL','2017-02-18 07:55:48'),(857,2,0,154,35.43851,33.92262,269,269,'NULL','2017-02-18 07:57:06'),(858,2,0,156,35.43290,33.92270,274,276,'NULL','2017-02-18 07:58:12'),(859,1,0,157,16.03202,42.21503,143,143,'NULL','2017-02-18 07:59:52'),(860,2,0,144,35.42231,33.92406,268,265,'NULL','2017-02-18 08:00:21'),(861,2,0,147,35.41670,33.92399,271,273,'NULL','2017-02-18 08:01:30'),(862,1,0,156,16.04372,42.20313,143,143,'NULL','2017-02-18 08:03:16'),(863,1,0,156,16.04743,42.19925,144,143,'NULL','2017-02-18 08:04:21'),(864,2,0,153,35.39849,33.92416,270,271,'NULL','2017-02-18 08:05:07'),(865,2,0,153,35.39287,33.92421,270,271,'NULL','2017-02-18 08:06:13'),(866,1,0,156,16.05507,42.19145,143,143,'NULL','2017-02-18 08:06:34'),(867,2,0,153,35.38724,33.92426,270,270,'NULL','2017-02-18 08:07:19'),(868,1,0,156,16.05928,42.18727,142,143,'NULL','2017-02-18 08:07:46'),(869,2,0,154,35.38106,33.92433,270,270,'NULL','2017-02-18 08:08:30'),(870,1,0,155,16.06280,42.18380,143,143,'NULL','2017-02-18 08:08:46'),(871,2,0,154,35.37539,33.92437,270,271,'NULL','2017-02-18 08:09:37'),(872,1,0,155,16.06658,42.18008,142,143,'NULL','2017-02-18 08:09:51'),(873,2,0,154,35.36923,33.92442,270,271,'NULL','2017-02-18 08:10:49'),(874,2,0,154,35.35789,33.92452,270,271,'NULL','2017-02-18 08:13:00'),(875,1,0,155,16.07858,42.16830,143,143,'NULL','2017-02-18 08:13:16'),(876,2,0,154,35.35169,33.92459,270,271,'NULL','2017-02-18 08:14:13'),(877,2,0,154,35.34550,33.92467,270,271,'NULL','2017-02-18 08:15:24'),(878,2,0,154,35.33928,33.92473,270,271,'NULL','2017-02-18 08:16:37'),(879,1,0,155,16.09095,42.15635,142,143,'NULL','2017-02-18 08:16:45'),(880,2,0,154,35.33370,33.92479,270,271,'NULL','2017-02-18 08:17:42'),(881,1,0,154,16.10657,42.14147,141,143,'NULL','2017-02-18 08:21:10'),(882,2,0,155,35.30995,33.92505,270,271,'NULL','2017-02-18 08:22:18'),(883,2,0,155,35.29803,33.92519,271,271,'NULL','2017-02-18 08:24:36'),(884,1,0,154,16.11952,42.12923,141,143,'NULL','2017-02-18 08:24:46'),(885,2,0,155,35.29225,33.92528,271,270,'NULL','2017-02-18 08:25:42'),(886,2,0,156,35.28549,33.92537,271,271,'NULL','2017-02-18 08:27:00'),(887,1,0,153,16.13157,42.11790,141,143,'NULL','2017-02-18 08:28:09'),(888,2,0,156,35.27880,33.92546,270,271,'NULL','2017-02-18 08:28:18'),(889,2,0,157,35.27296,33.92558,271,273,'NULL','2017-02-18 08:29:25'),(890,2,0,157,35.26670,33.92623,280,281,'NULL','2017-02-18 08:30:37'),(891,2,0,156,35.26108,33.92719,280,280,'NULL','2017-02-18 08:31:42'),(892,2,0,156,35.25492,33.92815,281,281,'NULL','2017-02-18 08:32:54'),(893,2,0,156,35.24932,33.92926,285,285,'NULL','2017-02-18 08:34:00'),(894,2,0,156,35.24328,33.93050,283,283,'NULL','2017-02-18 08:35:12'),(895,1,0,154,16.15992,42.09085,142,143,'NULL','2017-02-18 08:36:10'),(896,2,0,156,35.23166,33.93281,283,284,'NULL','2017-02-18 08:37:30'),(897,1,0,154,16.16798,42.08303,142,143,'NULL','2017-02-18 08:38:28'),(898,2,0,155,35.22610,33.93394,283,283,'NULL','2017-02-18 08:38:37'),(899,1,0,154,16.17188,42.07922,143,143,'NULL','2017-02-18 08:39:33'),(900,2,0,154,35.22059,33.93507,284,284,'NULL','2017-02-18 08:39:42'),(901,1,0,155,16.17565,42.07552,143,143,'NULL','2017-02-18 08:40:40'),(902,2,0,154,35.20606,33.93813,284,283,'NULL','2017-02-18 08:42:37'),(903,2,0,154,35.19955,33.93955,284,284,'NULL','2017-02-18 08:43:55'),(904,2,0,154,35.19305,33.94096,284,284,'NULL','2017-02-18 08:45:13'),(905,2,0,154,35.18654,33.94242,285,284,'NULL','2017-02-18 08:46:30'),(906,1,0,154,16.19893,42.05243,143,143,'NULL','2017-02-18 08:47:22'),(907,2,0,154,35.18106,33.94364,285,284,'NULL','2017-02-18 08:47:37'),(908,2,0,154,35.17555,33.94490,285,283,'NULL','2017-02-18 08:48:42'),(909,2,0,154,35.16319,33.94776,285,284,'NULL','2017-02-18 08:51:12'),(910,2,0,155,35.15762,33.94904,285,283,'NULL','2017-02-18 08:52:18'),(911,2,0,155,35.14514,33.95197,285,283,'NULL','2017-02-18 08:54:48'),(912,2,0,155,35.13914,33.95335,285,284,'NULL','2017-02-18 08:56:01'),(913,1,0,155,16.22867,42.01593,148,150,'NULL','2017-02-18 08:57:21'),(914,2,0,155,35.12767,33.95603,286,284,'NULL','2017-02-18 08:58:18'),(915,1,0,157,16.23255,42.01098,149,150,'NULL','2017-02-18 08:58:40'),(916,2,0,155,35.12218,33.95734,286,284,'NULL','2017-02-18 08:59:24'),(917,1,0,156,16.23582,42.00688,149,150,'NULL','2017-02-18 08:59:46'),(918,2,0,156,35.11569,33.95891,286,284,'NULL','2017-02-18 09:00:43'),(919,1,0,156,16.23960,42.00205,150,150,'NULL','2017-02-18 09:02:19'),(920,1,0,156,16.24048,42.00090,149,150,'NULL','2017-02-18 09:03:57'),(921,1,0,157,16.25505,41.98242,149,150,'NULL','2017-02-18 09:06:16'),(922,2,0,155,35.08531,33.96627,286,284,'NULL','2017-02-18 09:06:48'),(923,1,0,156,16.25840,41.97825,149,150,'NULL','2017-02-18 09:07:21'),(924,1,0,158,16.26823,41.96582,149,150,'NULL','2017-02-18 09:10:40'),(925,1,0,158,16.27147,41.96167,149,150,'NULL','2017-02-18 09:11:45'),(926,2,0,156,35.05704,33.97341,287,284,'NULL','2017-02-18 09:12:31'),(927,1,0,158,16.27542,41.95663,149,150,'NULL','2017-02-18 09:13:04'),(928,2,0,155,35.05119,33.97493,286,282,'NULL','2017-02-18 09:13:42'),(929,1,0,158,16.27867,41.95253,149,150,'NULL','2017-02-18 09:14:10'),(930,2,0,155,35.03867,33.97804,286,282,'NULL','2017-02-18 09:16:12'),(931,1,0,158,16.28852,41.93990,149,150,'NULL','2017-02-18 09:17:28'),(932,2,0,155,35.03129,33.97983,286,283,'NULL','2017-02-18 09:17:42'),(933,1,0,157,16.29208,41.93548,148,150,'NULL','2017-02-18 09:18:40'),(934,2,0,155,35.02375,33.98168,286,283,'NULL','2017-02-18 09:19:12'),(935,2,0,154,35.01778,33.98315,286,282,'NULL','2017-02-18 09:20:25'),(936,2,0,154,35.01134,33.98473,286,283,'NULL','2017-02-18 09:21:42'),(937,1,0,158,16.30618,41.91760,149,150,'NULL','2017-02-18 09:23:22'),(938,2,0,153,34.99813,33.98794,286,283,'NULL','2017-02-18 09:24:24'),(939,1,0,158,16.30977,41.91302,149,150,'NULL','2017-02-18 09:24:33'),(940,1,0,159,16.31307,41.90883,149,150,'NULL','2017-02-18 09:25:40'),(941,2,0,152,34.98439,33.99133,286,283,'NULL','2017-02-18 09:27:13'),(942,1,0,159,16.31958,41.90048,149,150,'NULL','2017-02-18 09:27:51'),(943,2,0,151,34.97761,33.99300,286,282,'NULL','2017-02-18 09:28:37'),(944,1,0,160,16.32288,41.89628,149,150,'NULL','2017-02-18 09:28:58'),(945,2,0,151,34.97237,33.99430,286,283,'NULL','2017-02-18 09:29:42'),(946,1,0,160,16.32622,41.89200,149,150,'NULL','2017-02-18 09:30:04'),(947,2,0,151,34.96754,33.99549,286,283,'NULL','2017-02-18 09:30:43'),(948,1,0,160,16.33305,41.88317,150,150,'NULL','2017-02-18 09:32:21'),(949,2,0,150,34.95744,33.99803,286,283,'NULL','2017-02-18 09:32:48'),(950,2,0,149,34.95069,33.99973,286,282,'NULL','2017-02-18 09:34:12'),(951,1,0,161,16.33997,41.87420,150,150,'NULL','2017-02-18 09:34:39'),(952,1,0,161,16.34657,41.86563,150,150,'NULL','2017-02-18 09:36:51'),(953,2,0,148,34.93876,34.00265,286,283,'NULL','2017-02-18 09:36:42'),(954,1,0,160,16.34990,41.86130,150,150,'NULL','2017-02-18 09:37:58'),(955,2,0,150,34.93013,34.00463,285,283,'NULL','2017-02-18 09:38:30'),(956,2,0,151,34.92382,34.00605,285,283,'NULL','2017-02-18 09:39:49'),(957,2,0,151,34.91795,34.00735,284,283,'NULL','2017-02-18 09:41:00'),(958,1,0,162,16.35988,41.84815,150,150,'NULL','2017-02-18 09:41:21'),(959,2,0,152,34.90963,34.00919,284,283,'NULL','2017-02-18 09:42:42'),(960,2,0,152,34.90431,34.01035,284,283,'NULL','2017-02-18 09:43:48'),(961,2,0,152,34.89833,34.01167,284,283,'NULL','2017-02-18 09:45:00'),(962,1,0,162,16.37322,41.83052,150,150,'NULL','2017-02-18 09:45:51'),(963,2,0,152,34.89290,34.01285,284,283,'NULL','2017-02-18 09:46:07'),(964,2,0,152,34.88559,34.01443,284,283,'NULL','2017-02-18 09:47:36'),(965,1,0,161,16.38575,41.81353,151,150,'NULL','2017-02-18 09:50:10'),(966,2,0,152,34.86971,34.01783,284,283,'NULL','2017-02-18 09:50:48'),(967,2,0,153,34.84253,34.02354,283,283,'NULL','2017-02-18 09:56:18'),(968,1,0,161,16.40663,41.78532,151,150,'NULL','2017-02-18 09:57:21'),(969,2,0,153,34.83550,34.02496,283,283,'NULL','2017-02-18 09:57:42'),(970,1,0,159,16.40985,41.78093,150,150,'NULL','2017-02-18 09:58:28'),(971,2,0,154,34.80755,34.03054,283,283,'NULL','2017-02-18 10:03:18'),(972,1,0,159,16.42593,41.75930,151,150,'NULL','2017-02-18 10:04:03'),(973,1,0,159,16.42915,41.75497,151,150,'NULL','2017-02-18 10:05:10'),(974,2,0,155,34.79249,34.03365,283,283,'NULL','2017-02-18 10:06:18'),(975,2,0,155,34.78745,34.03466,283,283,'NULL','2017-02-18 10:07:18'),(976,1,0,159,16.43602,41.74558,150,150,'NULL','2017-02-18 10:07:34'),(977,2,0,156,34.78088,34.03599,283,283,'NULL','2017-02-18 10:08:36'),(978,1,0,157,16.44570,41.73298,149,150,'NULL','2017-02-18 10:10:52'),(979,2,0,157,34.76526,34.03924,284,283,'NULL','2017-02-18 10:11:42'),(980,1,0,157,16.44893,41.72882,149,150,'NULL','2017-02-18 10:11:58'),(981,1,0,157,16.45212,41.72465,149,150,'NULL','2017-02-18 10:13:04'),(982,2,0,157,34.75755,34.04082,283,282,'NULL','2017-02-18 10:13:12'),(983,1,0,157,16.45568,41.72013,149,150,'NULL','2017-02-18 10:14:16'),(984,2,0,157,34.75092,34.04218,283,283,'NULL','2017-02-18 10:14:30'),(985,2,0,156,34.73518,34.04533,283,283,'NULL','2017-02-18 10:17:36'),(986,2,0,156,34.72910,34.04654,283,282,'NULL','2017-02-18 10:18:49'),(987,1,0,158,16.47210,41.69890,150,150,'NULL','2017-02-18 10:19:51'),(988,2,0,156,34.72150,34.04808,283,283,'NULL','2017-02-18 10:20:18'),(989,1,0,158,16.47535,41.69463,150,150,'NULL','2017-02-18 10:20:58'),(990,2,0,156,34.71551,34.04930,284,283,'NULL','2017-02-18 10:21:30'),(991,2,0,155,34.70335,34.05185,283,282,'NULL','2017-02-18 10:23:55'),(992,2,0,155,34.69781,34.05295,283,283,'NULL','2017-02-18 10:25:00'),(993,2,0,154,34.69136,34.05427,284,283,'NULL','2017-02-18 10:26:18'),(994,1,0,158,16.49162,41.67322,150,150,'NULL','2017-02-18 10:26:34'),(995,2,0,154,34.68525,34.05553,284,283,'NULL','2017-02-18 10:27:30'),(996,1,0,158,16.49502,41.66868,150,150,'NULL','2017-02-18 10:27:46'),(997,2,0,154,34.67981,34.05669,284,283,'NULL','2017-02-18 10:28:36'),(998,2,0,156,34.66825,34.05945,286,285,'NULL','2017-02-18 10:30:54'),(999,2,0,156,34.66225,34.06093,286,284,'NULL','2017-02-18 10:32:06'),(1000,1,0,157,16.50772,41.65178,150,150,'NULL','2017-02-18 10:32:09'),(1001,2,0,156,34.65323,34.06311,286,285,'NULL','2017-02-18 10:33:55'),(1002,1,0,156,16.51467,41.64260,150,150,'NULL','2017-02-18 10:34:33'),(1003,2,0,155,34.64774,34.06445,286,285,'NULL','2017-02-18 10:35:01'),(1004,1,0,155,16.51793,41.63843,149,150,'NULL','2017-02-18 10:35:40'),(1005,2,0,155,34.64127,34.06605,286,284,'NULL','2017-02-18 10:36:19'),(1006,2,0,155,34.63539,34.06747,285,283,'NULL','2017-02-18 10:37:30'),(1007,1,0,155,16.52462,41.62982,149,150,'NULL','2017-02-18 10:37:57'),(1008,2,0,156,34.62730,34.06931,285,284,'NULL','2017-02-18 10:39:06'),(1009,2,0,156,34.61574,34.07189,284,284,'NULL','2017-02-18 10:41:25'),(1010,1,0,155,16.53498,41.61643,149,150,'NULL','2017-02-18 10:41:34'),(1011,1,0,155,16.53812,41.61235,150,150,'NULL','2017-02-18 10:42:40'),(1012,2,0,156,34.60969,34.07320,284,284,'NULL','2017-02-18 10:42:37'),(1013,1,0,154,16.54163,41.60787,149,150,'NULL','2017-02-18 10:43:51'),(1014,2,0,156,34.60321,34.07455,283,283,'NULL','2017-02-18 10:43:54'),(1015,1,0,154,16.54475,41.60382,149,150,'NULL','2017-02-18 10:44:57'),(1016,2,0,156,34.59762,34.07561,283,284,'NULL','2017-02-18 10:45:00'),(1017,2,0,155,34.59258,34.07661,282,284,'NULL','2017-02-18 10:46:01'),(1018,1,0,153,16.55113,41.59558,149,150,'NULL','2017-02-18 10:47:10'),(1019,2,0,154,34.58494,34.07810,283,284,'NULL','2017-02-18 10:47:30'),(1020,1,0,154,16.55457,41.59115,150,150,'NULL','2017-02-18 10:48:22'),(1021,2,0,155,34.57936,34.07917,282,284,'NULL','2017-02-18 10:48:36'),(1022,1,0,154,16.55762,41.58718,150,150,'NULL','2017-02-18 10:49:27'),(1023,2,0,156,34.57429,34.08015,282,284,'NULL','2017-02-18 10:49:37'),(1024,2,0,156,34.56678,34.08161,283,284,'NULL','2017-02-18 10:51:06'),(1025,1,0,154,16.56415,41.57857,150,150,'NULL','2017-02-18 10:51:45'),(1026,2,0,156,34.55349,34.08422,283,284,'NULL','2017-02-18 10:53:43'),(1027,1,0,155,16.57350,41.56608,150,150,'NULL','2017-02-18 10:55:04'),(1028,2,0,156,34.54041,34.08684,283,284,'NULL','2017-02-18 10:56:18'),(1029,1,0,155,16.57997,41.55733,150,150,'NULL','2017-02-18 10:57:22'),(1030,2,0,156,34.52013,34.09090,283,284,'NULL','2017-02-18 11:00:19'),(1031,1,0,154,16.59273,41.54023,150,150,'NULL','2017-02-18 11:01:58'),(1032,2,0,156,34.51048,34.09283,283,284,'NULL','2017-02-18 11:02:12'),(1033,2,0,156,34.50430,34.09408,283,283,'NULL','2017-02-18 11:03:25'),(1034,2,0,156,34.49872,34.09521,283,284,'NULL','2017-02-18 11:04:31'),(1035,1,0,154,16.60272,41.52675,150,150,'NULL','2017-02-18 11:05:34'),(1036,2,0,156,34.49111,34.09678,283,283,'NULL','2017-02-18 11:06:01'),(1037,2,0,157,34.48347,34.09833,283,284,'NULL','2017-02-18 11:07:31'),(1038,1,0,153,16.60912,41.51818,150,150,'NULL','2017-02-18 11:07:52'),(1039,2,0,157,34.47788,34.09946,283,284,'NULL','2017-02-18 11:08:39'),(1040,1,0,154,16.61223,41.51395,150,150,'NULL','2017-02-18 11:08:58'),(1041,2,0,157,34.47125,34.10081,283,283,'NULL','2017-02-18 11:09:56'),(1042,1,0,154,16.61810,41.50613,150,150,'NULL','2017-02-18 11:11:03'),(1043,2,0,157,34.46515,34.10207,283,283,'NULL','2017-02-18 11:11:07'),(1044,2,0,157,34.45853,34.10344,283,284,'NULL','2017-02-18 11:12:25'),(1045,2,0,157,34.45190,34.10480,283,284,'NULL','2017-02-18 11:13:42'),(1046,1,0,154,16.62753,41.49342,151,150,'NULL','2017-02-18 11:14:28'),(1047,2,0,157,34.44678,34.10582,283,284,'NULL','2017-02-18 11:14:43'),(1048,2,0,157,34.43915,34.10741,283,283,'NULL','2017-02-18 11:16:13'),(1049,2,0,157,34.43356,34.10857,284,283,'NULL','2017-02-18 11:17:19'),(1050,1,0,154,16.63712,41.48045,150,150,'NULL','2017-02-18 11:17:57'),(1051,2,0,157,34.42181,34.11101,284,283,'NULL','2017-02-18 11:19:36'),(1052,1,0,154,16.64588,41.46875,151,150,'NULL','2017-02-18 11:21:04'),(1053,2,0,158,34.40904,34.11368,284,284,'NULL','2017-02-18 11:22:06'),(1054,2,0,158,34.40349,34.11484,284,284,'NULL','2017-02-18 11:23:12'),(1055,1,0,155,16.65222,41.46018,150,150,'NULL','2017-02-18 11:23:21'),(1056,2,0,158,34.39733,34.11614,284,284,'NULL','2017-02-18 11:24:24'),(1057,2,0,158,34.39065,34.11758,284,284,'NULL','2017-02-18 11:25:42'),(1058,1,0,155,16.66153,41.44770,150,150,'NULL','2017-02-18 11:26:39'),(1059,2,0,159,34.38397,34.11905,284,284,'NULL','2017-02-18 11:27:01'),(1060,2,0,159,34.37720,34.12054,284,283,'NULL','2017-02-18 11:28:19'),(1061,2,0,159,34.37049,34.12197,284,284,'NULL','2017-02-18 11:29:36'),(1062,1,0,155,16.67142,41.43453,150,150,'NULL','2017-02-18 11:30:10'),(1063,2,0,159,34.34426,34.12757,284,283,'NULL','2017-02-18 11:34:43'),(1064,2,0,159,34.33911,34.12867,284,284,'NULL','2017-02-18 11:35:43'),(1065,2,0,159,34.33397,34.12978,284,283,'NULL','2017-02-18 11:36:43'),(1066,1,0,154,16.69147,41.40932,140,140,'NULL','2017-02-18 11:36:58'),(1067,2,0,159,34.32736,34.13119,284,284,'NULL','2017-02-18 11:38:00'),(1068,2,0,158,34.32162,34.13240,284,284,'NULL','2017-02-18 11:39:06'),(1069,1,0,152,16.70130,41.40290,125,124,'NULL','2017-02-18 11:39:16'),(1070,2,0,157,34.31551,34.13373,284,283,'NULL','2017-02-18 11:40:18'),(1071,2,0,156,34.30993,34.13492,284,283,'NULL','2017-02-18 11:41:24'),(1072,2,0,156,34.30387,34.13622,284,284,'NULL','2017-02-18 11:42:37'),(1073,1,0,155,16.72743,41.38932,123,124,'NULL','2017-02-18 11:44:52'),(1074,2,0,155,34.29177,34.13882,284,284,'NULL','2017-02-18 11:45:00'),(1075,1,0,156,16.73318,41.38643,123,124,'NULL','2017-02-18 11:46:03'),(1076,2,0,156,34.27918,34.14157,284,284,'NULL','2017-02-18 11:47:30'),(1077,1,0,157,16.76065,41.37258,123,124,'NULL','2017-02-18 11:51:46'),(1078,1,0,157,16.77817,41.36395,123,124,'NULL','2017-02-18 11:55:22'),(1079,2,0,152,34.23677,34.15066,284,284,'NULL','2017-02-18 11:56:01'),(1080,2,0,152,34.23035,34.15204,284,283,'NULL','2017-02-18 11:57:19'),(1081,1,0,156,16.78870,41.35867,123,124,'NULL','2017-02-18 11:57:34'),(1082,2,0,152,34.22393,34.15343,284,284,'NULL','2017-02-18 11:58:37'),(1083,1,0,156,16.79925,41.35332,124,124,'NULL','2017-02-18 11:59:45'),(1084,1,0,156,16.80458,41.35058,123,124,'NULL','2017-02-18 12:00:52'),(1085,2,0,153,34.19872,34.15887,284,284,'NULL','2017-02-18 12:03:42'),(1086,2,0,154,34.18637,34.16156,284,284,'NULL','2017-02-18 12:06:12'),(1087,2,0,154,34.18080,34.16277,284,284,'NULL','2017-02-18 12:07:19'),(1088,2,0,154,34.17481,34.16411,284,283,'NULL','2017-02-18 12:08:30'),(1089,1,0,156,16.84640,41.32902,124,125,'NULL','2017-02-18 12:09:40'),(1090,2,0,154,34.16278,34.16673,285,284,'NULL','2017-02-18 12:10:55'),(1091,2,0,155,34.14372,34.17096,284,284,'NULL','2017-02-18 12:14:43'),(1092,1,0,154,16.87322,41.31488,124,124,'NULL','2017-02-18 12:15:22'),(1093,1,0,155,16.87873,41.31192,125,124,'NULL','2017-02-18 12:16:34'),(1094,2,0,155,34.12964,34.17393,283,283,'NULL','2017-02-18 12:17:31'),(1095,1,0,154,16.89508,41.30317,125,124,'NULL','2017-02-18 12:20:04'),(1096,2,0,155,34.09838,34.18037,283,283,'NULL','2017-02-18 12:23:42'),(1097,2,0,155,34.09233,34.18164,284,283,'NULL','2017-02-18 12:24:55'),(1098,1,0,154,16.92515,41.28702,125,124,'NULL','2017-02-18 12:26:33'),(1099,2,0,155,34.08072,34.18402,284,283,'NULL','2017-02-18 12:27:13'),(1100,2,0,155,34.06862,34.18661,284,283,'NULL','2017-02-18 12:29:36'),(1101,2,0,156,34.06268,34.18819,290,290,'NULL','2017-02-18 12:30:49'),(1102,2,0,154,34.05634,34.19005,288,287,'NULL','2017-02-18 12:32:07'),(1103,2,0,154,34.04999,34.19186,288,287,'NULL','2017-02-18 12:33:24'),(1104,1,0,155,16.96237,41.26692,125,123,'NULL','2017-02-18 12:34:34'),(1105,2,0,154,34.04363,34.19367,288,288,'NULL','2017-02-18 12:34:43'),(1106,2,0,154,34.03823,34.19520,288,288,'NULL','2017-02-18 12:35:49'),(1107,1,0,155,16.97322,41.26126,124,123,'NULL','2017-02-18 12:36:52'),(1108,1,0,155,16.97838,41.25855,124,123,'NULL','2017-02-18 12:37:58'),(1109,2,0,154,34.02599,34.19860,288,288,'NULL','2017-02-18 12:38:18'),(1110,2,0,154,34.02017,34.20019,288,287,'NULL','2017-02-18 12:39:30'),(1111,1,0,155,16.98927,41.25292,124,123,'NULL','2017-02-18 12:40:16'),(1112,2,0,155,34.01465,34.20165,287,288,'NULL','2017-02-18 12:40:36'),(1113,2,0,157,34.00225,34.20493,287,288,'NULL','2017-02-18 12:43:06'),(1114,1,0,156,17.00765,41.24338,124,123,'NULL','2017-02-18 12:44:10'),(1115,2,0,158,33.98598,34.20909,286,288,'NULL','2017-02-18 12:46:19'),(1116,1,0,158,17.02360,41.23518,123,123,'NULL','2017-02-18 12:47:28'),(1117,2,0,159,33.97883,34.21077,285,288,'NULL','2017-02-18 12:47:43'),(1118,2,0,158,33.97324,34.21215,286,288,'NULL','2017-02-18 12:48:48'),(1119,2,0,159,33.96762,34.21353,286,288,'NULL','2017-02-18 12:49:55'),(1120,2,0,159,33.96149,34.21506,286,288,'NULL','2017-02-18 12:51:06'),(1121,2,0,159,33.95587,34.21646,286,288,'NULL','2017-02-18 12:52:13'),(1122,2,0,159,33.95027,34.21789,287,288,'NULL','2017-02-18 12:53:19'),(1123,1,0,157,17.05678,41.21828,124,123,'NULL','2017-02-18 12:54:22'),(1124,1,0,157,17.06213,41.21552,123,123,'NULL','2017-02-18 12:55:28'),(1125,2,0,159,33.93855,34.22094,287,288,'NULL','2017-02-18 12:55:36'),(1126,2,0,159,33.93294,34.22237,287,288,'NULL','2017-02-18 12:56:43'),(1127,1,0,158,17.07278,41.21012,123,123,'NULL','2017-02-18 12:57:40'),(1128,2,0,159,33.92175,34.22528,287,288,'NULL','2017-02-18 12:58:55'),(1129,2,0,159,33.91012,34.22837,287,288,'NULL','2017-02-18 13:01:12'),(1130,2,0,159,33.90456,34.22987,288,288,'NULL','2017-02-18 13:02:18'),(1131,1,0,157,17.10565,41.19352,124,123,'NULL','2017-02-18 13:04:28'),(1132,2,0,158,33.88169,34.23564,286,288,'NULL','2017-02-18 13:06:49'),(1133,2,0,158,33.87610,34.23701,286,288,'NULL','2017-02-18 13:07:55'),(1134,1,0,158,17.12253,41.18505,123,123,'NULL','2017-02-18 13:07:57'),(1135,2,0,157,33.87004,34.23852,286,288,'NULL','2017-02-18 13:09:06'),(1136,2,0,157,33.86457,34.23988,286,287,'NULL','2017-02-18 13:10:12'),(1137,1,0,157,17.13860,41.17700,122,123,'NULL','2017-02-18 13:11:16'),(1138,1,0,158,17.14393,41.17433,123,123,'NULL','2017-02-18 13:12:22'),(1139,2,0,156,33.85340,34.24262,285,287,'NULL','2017-02-18 13:12:24'),(1140,2,0,156,33.84785,34.24389,285,288,'NULL','2017-02-18 13:13:30'),(1141,1,0,157,17.15500,41.16883,123,123,'NULL','2017-02-18 13:14:40'),(1142,2,0,156,33.83675,34.24650,286,288,'NULL','2017-02-18 13:15:43'),(1143,1,0,157,17.16137,41.16567,123,123,'NULL','2017-02-18 13:15:58'),(1144,2,0,157,33.83119,34.24784,286,288,'NULL','2017-02-18 13:16:48'),(1145,1,0,158,17.17842,41.15735,123,123,'NULL','2017-02-18 13:19:28'),(1146,2,0,158,33.81447,34.25190,286,287,'NULL','2017-02-18 13:20:07'),(1147,1,0,158,17.18437,41.15443,122,123,'NULL','2017-02-18 13:20:40'),(1148,1,0,159,17.19017,41.15154,123,123,'NULL','2017-02-18 13:21:51'),(1149,2,0,158,33.80230,34.25492,286,287,'NULL','2017-02-18 13:22:31'),(1150,1,0,159,17.19557,41.14888,123,123,'NULL','2017-02-18 13:22:57'),(1151,2,0,159,33.79618,34.25642,286,288,'NULL','2017-02-18 13:23:42'),(1152,2,0,159,33.79065,34.25779,286,288,'NULL','2017-02-18 13:24:48'),(1153,1,0,160,17.20705,41.14323,123,123,'NULL','2017-02-18 13:25:16'),(1154,2,0,158,33.78496,34.25922,286,288,'NULL','2017-02-18 13:25:54'),(1155,1,0,159,17.21830,41.13760,123,123,'NULL','2017-02-18 13:27:34'),(1156,2,0,159,33.77325,34.26217,287,288,'NULL','2017-02-18 13:28:12'),(1157,2,0,159,33.76205,34.26503,287,288,'NULL','2017-02-18 13:30:25'),(1158,1,0,159,17.23538,41.12908,123,123,'NULL','2017-02-18 13:31:03'),(1159,2,0,158,33.74580,34.26922,287,288,'NULL','2017-02-18 13:33:36'),(1160,1,0,159,17.25208,41.12075,121,121,'NULL','2017-02-18 13:34:28'),(1161,2,0,158,33.74022,34.27065,286,287,'NULL','2017-02-18 13:34:43'),(1162,2,0,158,33.72852,34.27358,286,288,'NULL','2017-02-18 13:37:00'),(1163,2,0,158,33.72295,34.27499,287,288,'NULL','2017-02-18 13:38:07'),(1164,1,0,159,17.27422,41.11085,120,120,'NULL','2017-02-18 13:38:52'),(1165,2,0,158,33.71737,34.27643,287,288,'NULL','2017-02-18 13:39:12'),(1166,1,0,159,17.28590,41.10550,121,120,'NULL','2017-02-18 13:41:10'),(1167,2,0,158,33.70632,34.27925,287,288,'NULL','2017-02-18 13:41:24'),(1168,2,0,158,33.70127,34.28057,287,288,'NULL','2017-02-18 13:42:24'),(1169,2,0,156,33.69514,34.28205,286,288,'NULL','2017-02-18 13:43:37'),(1170,2,0,153,33.68970,34.28338,286,288,'NULL','2017-02-18 13:44:43'),(1171,1,0,160,17.31458,41.09248,121,120,'NULL','2017-02-18 13:46:52'),(1172,2,0,152,33.67793,34.28632,286,288,'NULL','2017-02-18 13:47:07'),(1173,1,0,160,17.31967,41.09015,120,119,'NULL','2017-02-18 13:47:52'),(1174,2,0,151,33.67220,34.28777,287,288,'NULL','2017-02-18 13:48:18'),(1175,1,0,160,17.32527,41.08767,120,119,'NULL','2017-02-18 13:48:58'),(1176,2,0,151,33.66679,34.28917,287,288,'NULL','2017-02-18 13:49:24'),(1177,2,0,151,33.66148,34.29057,287,288,'NULL','2017-02-18 13:50:30'),(1178,1,0,160,17.33697,41.08245,120,119,'NULL','2017-02-18 13:51:16'),(1179,2,0,151,33.64997,34.29365,288,287,'NULL','2017-02-18 13:52:54'),(1180,1,0,160,17.34850,41.07728,120,119,'NULL','2017-02-18 13:53:34'),(1181,2,0,152,33.63826,34.29686,288,287,'NULL','2017-02-18 13:55:18'),(1182,2,0,153,33.63339,34.29822,288,288,'NULL','2017-02-18 13:56:18'),(1183,1,0,161,17.36647,41.06948,119,119,'NULL','2017-02-18 13:57:04'),(1184,2,0,153,33.62811,34.29971,288,288,'NULL','2017-02-18 13:57:24'),(1185,1,0,162,17.37227,41.06692,119,119,'NULL','2017-02-18 13:58:10'),(1186,2,0,154,33.62312,34.30111,288,288,'NULL','2017-02-18 13:58:25'),(1187,1,0,162,17.38417,41.06183,119,119,'NULL','2017-02-18 14:00:28'),(1188,1,0,162,17.39598,41.05665,119,119,'NULL','2017-02-18 14:02:46'),(1189,2,0,155,33.59551,34.30886,288,288,'NULL','2017-02-18 14:04:01'),(1190,2,0,154,33.58962,34.31049,287,287,'NULL','2017-02-18 14:05:12'),(1191,1,0,162,17.41403,41.04877,119,119,'NULL','2017-02-18 14:06:15'),(1192,2,0,152,33.57887,34.31339,287,287,'NULL','2017-02-18 14:07:25'),(1193,2,0,152,33.57351,34.31479,287,288,'NULL','2017-02-18 14:08:31'),(1194,1,0,161,17.43065,41.04082,123,122,'NULL','2017-02-18 14:09:34'),(1195,2,0,150,33.55708,34.31905,287,288,'NULL','2017-02-18 14:11:54'),(1196,2,0,149,33.55190,34.32037,286,288,'NULL','2017-02-18 14:13:00'),(1197,1,0,161,17.44853,41.03207,122,122,'NULL','2017-02-18 14:13:09'),(1198,2,0,148,33.54657,34.32170,286,288,'NULL','2017-02-18 14:14:06'),(1199,2,0,147,33.53518,34.32447,286,288,'NULL','2017-02-18 14:16:30'),(1200,1,0,160,17.46555,41.02398,122,122,'NULL','2017-02-18 14:16:34'),(1201,2,0,147,33.52986,34.32575,286,288,'NULL','2017-02-18 14:17:37'),(1202,1,0,160,17.47143,41.02117,122,122,'NULL','2017-02-18 14:17:46'),(1203,1,0,160,17.47702,41.01848,122,122,'NULL','2017-02-18 14:18:52'),(1204,2,0,150,33.51404,34.32955,286,288,'NULL','2017-02-18 14:20:55'),(1205,2,0,151,33.50822,34.33095,286,288,'NULL','2017-02-18 14:22:07'),(1206,1,0,160,17.49383,41.01033,122,122,'NULL','2017-02-18 14:22:16'),(1207,2,0,151,33.50286,34.33228,286,288,'NULL','2017-02-18 14:23:12'),(1208,2,0,152,33.49797,34.33346,286,288,'NULL','2017-02-18 14:24:12'),(1209,1,0,160,17.51073,41.00217,122,122,'NULL','2017-02-18 14:25:40'),(1210,2,0,152,33.48726,34.33610,286,288,'NULL','2017-02-18 14:26:24'),(1211,2,0,152,33.48178,34.33745,286,287,'NULL','2017-02-18 14:27:31'),(1212,2,0,153,33.47638,34.33879,286,288,'NULL','2017-02-18 14:28:37'),(1213,1,0,160,17.52720,40.99423,122,122,'NULL','2017-02-18 14:28:58'),(1214,2,0,153,33.47097,34.34016,286,287,'NULL','2017-02-18 14:29:43'),(1215,2,0,153,33.46506,34.34165,286,288,'NULL','2017-02-18 14:30:54'),(1216,2,0,154,33.45912,34.34314,286,288,'NULL','2017-02-18 14:32:06'),(1217,1,0,160,17.54403,40.98602,122,122,'NULL','2017-02-18 14:32:22'),(1218,1,0,159,17.54943,40.98340,122,122,'NULL','2017-02-18 14:33:28'),(1219,2,0,154,33.45369,34.34450,287,288,'NULL','2017-02-18 14:33:12'),(1220,2,0,154,33.44131,34.34762,287,288,'NULL','2017-02-18 14:35:43'),(1221,2,0,154,33.43485,34.34927,287,288,'NULL','2017-02-18 14:37:00'),(1222,1,0,159,17.57202,40.97238,122,122,'NULL','2017-02-18 14:38:03'),(1223,2,0,155,33.42889,34.35077,287,288,'NULL','2017-02-18 14:38:12'),(1224,2,0,155,33.42341,34.35218,287,288,'NULL','2017-02-18 14:39:19'),(1225,1,0,159,17.58395,40.96657,122,122,'NULL','2017-02-18 14:40:28'),(1226,2,0,156,33.41092,34.35543,287,288,'NULL','2017-02-18 14:41:48'),(1227,2,0,156,33.40442,34.35711,287,288,'NULL','2017-02-18 14:43:07'),(1228,1,0,160,17.60257,40.95737,123,123,'NULL','2017-02-18 14:44:16'),(1229,2,0,156,33.39141,34.36051,287,287,'NULL','2017-02-18 14:45:42'),(1230,2,0,156,33.38540,34.36209,287,287,'NULL','2017-02-18 14:46:55'),(1231,2,0,157,33.37889,34.36381,287,288,'NULL','2017-02-18 14:48:13'),(1232,1,0,160,17.63283,40.94207,123,123,'NULL','2017-02-18 14:50:28'),(1233,2,0,157,33.36737,34.36690,288,287,'NULL','2017-02-18 14:50:30'),(1234,2,0,157,33.36135,34.36853,287,287,'NULL','2017-02-18 14:51:43'),(1235,1,0,160,17.63978,40.93857,123,123,'NULL','2017-02-18 14:51:52'),(1236,2,0,158,33.35580,34.37006,288,288,'NULL','2017-02-18 14:52:48'),(1237,2,0,158,33.35026,34.37156,288,288,'NULL','2017-02-18 14:53:55'),(1238,1,0,161,17.65403,40.93143,123,123,'NULL','2017-02-18 14:54:45'),(1239,2,0,158,33.34422,34.37321,288,288,'NULL','2017-02-18 14:55:07'),(1240,1,0,161,17.65943,40.92870,123,123,'NULL','2017-02-18 14:55:52'),(1241,2,0,158,33.32712,34.37795,288,288,'NULL','2017-02-18 14:58:31'),(1242,2,0,158,33.32067,34.37977,288,288,'NULL','2017-02-18 14:59:48'),(1243,1,0,161,17.68408,40.91632,123,123,'NULL','2017-02-18 15:00:52'),(1244,2,0,158,33.31462,34.38148,288,287,'NULL','2017-02-18 15:01:00'),(1245,2,0,159,33.30899,34.38309,289,288,'NULL','2017-02-18 15:02:07'),(1246,1,0,160,17.69000,40.91331,123,123,'NULL','2017-02-18 15:02:04'),(1247,2,0,159,33.29747,34.38637,289,288,'NULL','2017-02-18 15:04:24'),(1248,1,0,160,17.70267,40.90693,123,123,'NULL','2017-02-18 15:04:40'),(1249,2,0,159,33.29232,34.38786,289,288,'NULL','2017-02-18 15:05:25'),(1250,1,0,160,17.71245,40.90197,123,123,'NULL','2017-02-18 15:06:20'),(1251,2,0,160,33.27963,34.39151,289,287,'NULL','2017-02-18 15:07:55'),(1252,2,0,160,33.27352,34.39326,289,287,'NULL','2017-02-18 15:09:07'),(1253,2,0,161,33.26739,34.39503,289,288,'NULL','2017-02-18 15:10:19'),(1254,2,0,161,33.26126,34.39680,289,288,'NULL','2017-02-18 15:11:31'),(1255,2,0,160,33.25574,34.39839,288,287,'NULL','2017-02-18 15:12:36'),(1256,1,0,161,17.74373,40.88615,123,123,'NULL','2017-02-18 15:13:01'),(1257,2,0,160,33.25014,34.40001,289,287,'NULL','2017-02-18 15:13:42'),(1258,2,0,160,33.23896,34.40317,289,288,'NULL','2017-02-18 15:15:54'),(1259,1,0,160,17.76133,40.87718,124,123,'NULL','2017-02-18 15:16:37'),(1260,2,0,161,33.23386,34.40464,289,288,'NULL','2017-02-18 15:16:54'),(1261,1,0,162,17.76627,40.87467,123,123,'NULL','2017-02-18 15:17:37'),(1262,2,0,161,33.22813,34.40627,289,288,'NULL','2017-02-18 15:18:01'),(1263,2,0,162,33.21684,34.40953,289,288,'NULL','2017-02-18 15:20:13'),(1264,1,0,161,17.78138,40.86702,123,123,'NULL','2017-02-18 15:20:43'),(1265,1,0,161,17.78688,40.86423,123,123,'NULL','2017-02-18 15:21:48'),(1266,1,0,161,17.79170,40.86178,123,123,'NULL','2017-02-18 15:22:48'),(1267,2,0,162,33.19894,34.41468,289,288,'NULL','2017-02-18 15:23:42'),(1268,1,0,160,17.79665,40.85932,123,123,'NULL','2017-02-18 15:23:48'),(1269,1,0,160,17.80160,40.85682,123,123,'NULL','2017-02-18 15:24:49'),(1270,2,0,163,33.18707,34.41808,289,288,'NULL','2017-02-18 15:26:00'),(1271,1,0,160,17.81192,40.85165,123,123,'NULL','2017-02-18 15:26:55'),(1272,2,0,163,33.18184,34.41961,289,288,'NULL','2017-02-18 15:27:00'),(1273,1,0,160,17.81722,40.84903,123,123,'NULL','2017-02-18 15:28:01'),(1274,2,0,163,33.17569,34.42146,289,287,'NULL','2017-02-18 15:28:12'),(1275,2,0,163,33.17013,34.42311,290,288,'NULL','2017-02-18 15:29:18'),(1276,2,0,162,33.16441,34.42485,289,287,'NULL','2017-02-18 15:30:24'),(1277,2,0,162,33.15878,34.42654,290,288,'NULL','2017-02-18 15:31:31'),(1278,2,0,163,33.15314,34.42826,290,288,'NULL','2017-02-18 15:32:37'),(1279,2,0,163,33.14751,34.43001,290,288,'NULL','2017-02-18 15:33:43'),(1280,1,0,159,17.84922,40.83310,123,123,'NULL','2017-02-18 15:34:30'),(1281,2,0,163,33.14189,34.43177,290,287,'NULL','2017-02-18 15:34:48'),(1282,1,0,159,17.85400,40.83068,123,123,'NULL','2017-02-18 15:35:30'),(1283,2,0,163,33.13626,34.43354,290,288,'NULL','2017-02-18 15:35:55'),(1284,2,0,164,33.12445,34.43727,290,288,'NULL','2017-02-18 15:38:13'),(1285,2,0,164,33.10749,34.44268,291,288,'NULL','2017-02-18 15:41:31'),(1286,1,0,159,17.88473,40.81512,123,123,'NULL','2017-02-18 15:41:48'),(1287,2,0,164,33.10183,34.44449,291,288,'NULL','2017-02-18 15:42:37'),(1288,1,0,159,17.88957,40.81270,123,123,'NULL','2017-02-18 15:42:49'),(1289,2,0,164,33.09615,34.44628,290,287,'NULL','2017-02-18 15:43:43'),(1290,1,0,159,17.89435,40.81028,123,123,'NULL','2017-02-18 15:43:49'),(1291,2,0,164,33.09046,34.44803,290,287,'NULL','2017-02-18 15:44:49'),(1292,2,0,164,33.08434,34.44990,290,287,'NULL','2017-02-18 15:46:00'),(1293,2,0,164,33.07855,34.45163,289,287,'NULL','2017-02-18 15:47:07'),(1294,2,0,163,33.07244,34.45345,289,288,'NULL','2017-02-18 15:48:18'),(1295,1,0,158,17.91938,40.79800,123,123,'NULL','2017-02-18 15:48:56'),(1296,2,0,163,33.06103,34.45690,290,288,'NULL','2017-02-18 15:50:31'),(1297,2,0,162,33.05589,34.45845,290,288,'NULL','2017-02-18 15:51:31'),(1298,1,0,158,17.93982,40.78790,123,123,'NULL','2017-02-18 15:53:06'),(1299,2,0,160,33.03299,34.46542,290,289,'NULL','2017-02-18 15:56:01'),(1300,1,0,158,17.95475,40.78050,123,123,'NULL','2017-02-18 15:56:12'),(1301,2,0,160,33.02746,34.46717,290,290,'NULL','2017-02-18 15:57:07'),(1302,1,0,159,17.95970,40.77798,123,123,'NULL','2017-02-18 15:57:13'),(1303,1,0,158,17.96447,40.77562,123,123,'NULL','2017-02-18 15:58:13'),(1304,2,0,157,33.01600,34.47068,290,290,'NULL','2017-02-18 15:59:25'),(1305,2,0,156,33.01059,34.47234,290,289,'NULL','2017-02-18 16:00:31'),(1306,2,0,155,33.00519,34.47398,290,290,'NULL','2017-02-18 16:01:37'),(1307,1,0,159,17.98540,40.76522,123,123,'NULL','2017-02-18 16:02:14'),(1308,1,0,159,17.99512,40.76033,123,123,'NULL','2017-02-18 16:04:14'),(1309,2,0,154,32.98912,34.47888,290,289,'NULL','2017-02-18 16:04:55'),(1310,1,0,159,18.00043,40.75763,123,123,'NULL','2017-02-18 16:05:21'),(1311,2,0,154,32.98376,34.48053,290,290,'NULL','2017-02-18 16:06:00'),(1312,1,0,159,18.00570,40.75495,123,123,'NULL','2017-02-18 16:06:43'),(1313,2,0,154,32.97840,34.48217,290,290,'NULL','2017-02-18 16:07:07'),(1314,2,0,154,32.96674,34.48581,290,289,'NULL','2017-02-18 16:09:30'),(1315,1,0,159,18.02078,40.74735,123,123,'NULL','2017-02-18 16:09:49'),(1316,2,0,156,32.95506,34.48951,290,290,'NULL','2017-02-18 16:11:55'),(1317,2,0,156,32.94427,34.49288,290,289,'NULL','2017-02-18 16:14:07'),(1318,2,0,156,32.93249,34.49651,290,290,'NULL','2017-02-18 16:16:31'),(1319,2,0,156,32.92125,34.50002,290,290,'NULL','2017-02-18 16:18:48'),(1320,1,0,160,18.06357,40.72567,123,123,'NULL','2017-02-18 16:18:36'),(1321,2,0,155,32.91589,34.50170,290,290,'NULL','2017-02-18 16:19:55'),(1322,2,0,155,32.91004,34.50354,290,290,'NULL','2017-02-18 16:21:06'),(1323,2,0,155,32.90469,34.50525,291,290,'NULL','2017-02-18 16:22:13'),(1324,1,0,160,18.08370,40.71552,123,124,'NULL','2017-02-18 16:22:42'),(1325,2,0,156,32.88774,34.51067,290,290,'NULL','2017-02-18 16:25:42'),(1326,2,0,156,32.87679,34.51378,287,287,'NULL','2017-02-18 16:27:54'),(1327,2,0,157,32.87129,34.51528,287,286,'NULL','2017-02-18 16:29:00'),(1328,2,0,158,32.86533,34.51685,287,287,'NULL','2017-02-18 16:30:12'),(1329,2,0,158,32.85967,34.51835,287,287,'NULL','2017-02-18 16:31:19'),(1330,1,0,160,18.11728,40.68505,142,144,'NULL','2017-02-18 16:31:48'),(1331,2,0,159,32.85365,34.51994,287,287,'NULL','2017-02-18 16:32:30'),(1332,2,0,159,32.84807,34.52142,287,287,'NULL','2017-02-18 16:33:36'),(1333,2,0,159,32.84238,34.52292,287,287,'NULL','2017-02-18 16:34:43'),(1334,2,0,159,32.83676,34.52441,287,287,'NULL','2017-02-18 16:35:49'),(1335,2,0,160,32.82496,34.52744,287,287,'NULL','2017-02-18 16:38:07'),(1336,2,0,160,32.81929,34.52888,287,287,'NULL','2017-02-18 16:39:13'),(1337,2,0,160,32.81363,34.53032,287,287,'NULL','2017-02-18 16:40:19'),(1338,1,0,166,18.14947,40.65260,143,144,'NULL','2017-02-18 16:40:44'),(1339,2,0,160,32.80847,34.53162,286,287,'NULL','2017-02-18 16:41:19'),(1340,2,0,160,32.80238,34.53316,286,286,'NULL','2017-02-18 16:42:30'),(1341,2,0,159,32.79662,34.53453,284,284,'NULL','2017-02-18 16:43:37'),(1342,1,0,167,18.16127,40.64035,143,144,'NULL','2017-02-18 16:44:01'),(1343,2,0,159,32.79093,34.53576,285,285,'NULL','2017-02-18 16:44:43'),(1344,2,0,159,32.78473,34.53710,284,285,'NULL','2017-02-18 16:45:55'),(1345,1,0,167,18.17265,40.62822,144,144,'NULL','2017-02-18 16:47:13'),(1346,2,0,157,32.76101,34.54203,284,285,'NULL','2017-02-18 16:50:31'),(1347,1,0,166,18.18438,40.61577,144,144,'NULL','2017-02-18 16:50:30'),(1348,1,0,165,18.18792,40.61205,144,144,'NULL','2017-02-18 16:51:31'),(1349,2,0,157,32.75493,34.54329,284,285,'NULL','2017-02-18 16:51:42'),(1350,1,0,165,18.19143,40.60832,144,144,'NULL','2017-02-18 16:52:32'),(1351,2,0,157,32.74928,34.54446,284,285,'NULL','2017-02-18 16:52:48'),(1352,2,0,157,32.73844,34.54673,284,284,'NULL','2017-02-18 16:54:55'),(1353,1,0,165,18.19952,40.59983,143,143,'NULL','2017-02-18 16:54:48'),(1354,2,0,157,32.73232,34.54799,283,284,'NULL','2017-02-18 16:56:07'),(1355,2,0,156,32.72720,34.54899,283,285,'NULL','2017-02-18 16:57:07'),(1356,1,0,164,18.20852,40.59068,143,143,'NULL','2017-02-18 16:57:02'),(1357,1,0,161,18.21955,40.57935,143,143,'NULL','2017-02-18 17:00:25'),(1358,2,0,153,32.70807,34.55285,284,285,'NULL','2017-02-18 17:00:54'),(1359,1,0,160,18.22347,40.57542,142,143,'NULL','2017-02-18 17:01:32'),(1360,2,0,153,32.70248,34.55401,284,285,'NULL','2017-02-18 17:02:00'),(1361,1,0,161,18.23090,40.56797,142,143,'NULL','2017-02-18 17:03:37'),(1362,1,0,162,18.23803,40.56080,142,143,'NULL','2017-02-18 17:05:38'),(1363,2,0,153,32.68049,34.55860,283,285,'NULL','2017-02-18 17:06:25'),(1364,1,0,162,18.24197,40.55685,142,143,'NULL','2017-02-18 17:06:44'),(1365,1,0,163,18.24588,40.55295,142,143,'NULL','2017-02-18 17:07:49'),(1366,2,0,153,32.66900,34.56097,284,285,'NULL','2017-02-18 17:08:43'),(1367,1,0,163,18.24987,40.54898,142,143,'NULL','2017-02-18 17:08:53'),(1368,2,0,153,32.66350,34.56211,284,285,'NULL','2017-02-18 17:09:48'),(1369,2,0,153,32.65753,34.56337,284,285,'NULL','2017-02-18 17:11:01'),(1370,2,0,153,32.65203,34.56454,284,285,'NULL','2017-02-18 17:12:07'),(1371,2,0,153,32.64599,34.56575,282,282,'NULL','2017-02-18 17:13:18'),(1372,1,0,162,18.26870,40.53013,142,143,'NULL','2017-02-18 17:14:07'),(1373,2,0,153,32.64054,34.56673,282,283,'NULL','2017-02-18 17:14:24'),(1374,2,0,153,32.63502,34.56776,282,282,'NULL','2017-02-18 17:15:30'),(1375,1,0,162,18.27652,40.52232,142,143,'NULL','2017-02-18 17:16:18'),(1376,2,0,153,32.62941,34.56884,283,283,'NULL','2017-02-18 17:16:36'),(1377,1,0,162,18.28008,40.51871,142,143,'NULL','2017-02-18 17:17:18'),(1378,2,0,153,32.62443,34.56979,283,282,'NULL','2017-02-18 17:17:36'),(1379,2,0,154,32.61889,34.57086,283,282,'NULL','2017-02-18 17:18:42'),(1380,1,0,162,18.28613,40.51260,142,143,'NULL','2017-02-18 17:18:43'),(1381,2,0,155,32.60259,34.57409,283,282,'NULL','2017-02-18 17:21:55'),(1382,1,0,161,18.30170,40.49678,143,143,'NULL','2017-02-18 17:23:08'),(1383,2,0,156,32.58998,34.57661,283,282,'NULL','2017-02-18 17:24:24'),(1384,1,0,161,18.30593,40.49249,143,143,'NULL','2017-02-18 17:24:19'),(1385,2,0,156,32.58481,34.57767,283,282,'NULL','2017-02-18 17:25:24'),(1386,1,0,161,18.31122,40.48707,143,143,'NULL','2017-02-18 17:26:06'),(1387,2,0,156,32.57253,34.58013,283,283,'NULL','2017-02-18 17:27:49'),(1388,2,0,157,32.56077,34.58254,284,283,'NULL','2017-02-18 17:30:07'),(1389,1,0,160,18.32665,40.47125,143,143,'NULL','2017-02-18 17:30:31'),(1390,2,0,157,32.55512,34.58372,284,283,'NULL','2017-02-18 17:31:13'),(1391,2,0,157,32.54895,34.58502,284,282,'NULL','2017-02-18 17:32:25'),(1392,2,0,158,32.54277,34.58629,284,283,'NULL','2017-02-18 17:33:37'),(1393,1,0,160,18.33745,40.46008,143,143,'NULL','2017-02-18 17:33:38'),(1394,2,0,158,32.53710,34.58748,284,283,'NULL','2017-02-18 17:34:43'),(1395,2,0,158,32.53143,34.58869,284,282,'NULL','2017-02-18 17:35:48'),(1396,1,0,161,18.34543,40.45180,143,143,'NULL','2017-02-18 17:35:56'),(1397,2,0,158,32.52577,34.58987,283,282,'NULL','2017-02-18 17:36:54'),(1398,2,0,158,32.52009,34.59106,284,283,'NULL','2017-02-18 17:38:01'),(1399,1,0,161,18.35617,40.44058,143,143,'NULL','2017-02-18 17:38:45'),(1400,2,0,158,32.50832,34.59357,284,283,'NULL','2017-02-18 17:40:18'),(1401,2,0,158,32.50255,34.59482,284,282,'NULL','2017-02-18 17:41:25'),(1402,1,0,161,18.36987,40.42617,144,143,'NULL','2017-02-18 17:42:43'),(1403,2,0,159,32.49117,34.59727,284,283,'NULL','2017-02-18 17:43:37'),(1404,2,0,159,32.48547,34.59851,284,283,'NULL','2017-02-18 17:44:43'),(1405,2,0,160,32.47975,34.59974,284,283,'NULL','2017-02-18 17:45:49'),(1406,2,0,160,32.46210,34.60366,285,283,'NULL','2017-02-18 17:49:12'),(1407,2,0,160,32.45689,34.60483,285,283,'NULL','2017-02-18 17:50:12'),(1408,2,0,161,32.45160,34.60603,285,283,'NULL','2017-02-18 17:51:12'),(1409,2,0,161,32.44636,34.60721,285,283,'NULL','2017-02-18 17:52:12'),(1410,2,0,161,32.44060,34.60852,285,283,'NULL','2017-02-18 17:53:19'),(1411,2,0,161,32.43432,34.60995,285,283,'NULL','2017-02-18 17:54:31'),(1412,2,0,162,32.42810,34.61138,285,283,'NULL','2017-02-18 17:55:42'),(1413,2,0,163,32.41643,34.61408,285,283,'NULL','2017-02-18 17:57:55'),(1414,2,0,163,32.41064,34.61543,285,282,'NULL','2017-02-18 17:59:01'),(1415,2,0,163,32.40483,34.61680,285,282,'NULL','2017-02-18 18:00:07'),(1416,2,0,163,32.39279,34.61963,285,283,'NULL','2017-02-18 18:02:24'),(1417,2,0,164,32.38688,34.62103,286,283,'NULL','2017-02-18 18:03:30'),(1418,2,0,164,32.38112,34.62241,286,283,'NULL','2017-02-18 18:04:36'),(1419,2,0,164,32.37525,34.62380,286,283,'NULL','2017-02-18 18:05:42'),(1420,2,0,165,32.35699,34.62819,286,282,'NULL','2017-02-18 18:09:07'),(1421,2,0,166,32.35065,34.62971,286,282,'NULL','2017-02-18 18:10:18'),(1422,2,0,166,32.33884,34.63253,286,282,'NULL','2017-02-18 18:12:30'),(1423,2,0,166,32.32747,34.63523,286,283,'NULL','2017-02-18 18:14:37'),(1424,2,0,166,32.32157,34.63661,285,283,'NULL','2017-02-18 18:15:43'),(1425,2,0,165,32.31563,34.63787,283,282,'NULL','2017-02-18 18:16:49'),(1426,2,0,163,32.30974,34.63908,284,283,'NULL','2017-02-18 18:17:54'),(1427,2,0,160,32.29815,34.64147,283,283,'NULL','2017-02-18 18:20:06'),(1428,2,0,160,32.29229,34.64265,283,282,'NULL','2017-02-18 18:21:13'),(1429,2,0,157,32.05481,34.68886,283,282,'NULL','2017-02-18 19:07:01'),(1430,2,0,160,32.28609,34.64389,283,283,'NULL','2017-02-18 18:22:25'),(1431,2,0,160,32.28031,34.64506,283,283,'NULL','2017-02-18 18:23:31'),(1432,2,0,160,32.27411,34.64633,283,282,'NULL','2017-02-18 18:24:42'),(1433,2,0,160,32.26824,34.64749,283,282,'NULL','2017-02-18 18:25:48'),(1434,2,0,159,32.25678,34.64974,283,283,'NULL','2017-02-18 18:28:00'),(1435,2,0,158,32.25100,34.65092,283,282,'NULL','2017-02-18 18:29:07'),(1436,2,0,158,32.24021,34.65313,284,283,'NULL','2017-02-18 18:31:12'),(1437,2,0,158,32.22989,34.65531,284,282,'NULL','2017-02-18 18:33:12'),(1438,2,0,159,32.22462,34.65643,284,283,'NULL','2017-02-18 18:34:13'),(1439,2,0,159,32.21943,34.65752,284,282,'NULL','2017-02-18 18:35:13'),(1440,2,0,160,32.21369,34.65870,283,283,'NULL','2017-02-18 18:36:19'),(1441,2,0,160,32.20686,34.66006,283,283,'NULL','2017-02-18 18:37:37'),(1442,2,0,160,32.20055,34.66129,283,283,'NULL','2017-02-18 18:38:49'),(1443,2,0,160,32.18846,34.66361,282,282,'NULL','2017-02-18 18:41:06'),(1444,2,0,159,32.17647,34.66578,282,283,'NULL','2017-02-18 18:43:24'),(1445,2,0,158,32.17066,34.66685,282,282,'NULL','2017-02-18 18:44:31'),(1446,2,0,158,32.16496,34.66789,282,283,'NULL','2017-02-18 18:45:37'),(1447,2,0,157,32.15873,34.66903,282,283,'NULL','2017-02-18 18:46:49'),(1448,2,0,157,32.15304,34.67008,282,283,'NULL','2017-02-18 18:47:54'),(1449,2,0,157,32.12983,34.67441,283,283,'NULL','2017-02-18 18:52:24'),(1450,2,0,157,32.12467,34.67540,282,282,'NULL','2017-02-18 18:53:24'),(1451,2,0,157,32.11799,34.67668,282,282,'NULL','2017-02-18 18:54:43'),(1452,2,0,157,32.10668,34.67884,283,282,'NULL','2017-02-18 18:56:55'),(1453,2,0,156,32.08924,34.68221,283,282,'NULL','2017-02-18 19:00:19'),(1454,2,0,157,32.08314,34.68340,283,283,'NULL','2017-02-18 19:01:30'),(1455,2,0,157,32.06672,34.68653,283,283,'NULL','2017-02-18 19:04:42'),(1456,2,0,157,32.06099,34.68766,283,283,'NULL','2017-02-18 19:05:48'),(1457,2,0,157,32.04814,34.69017,283,282,'NULL','2017-02-18 19:08:19'),(1458,2,0,157,32.04205,34.69135,283,283,'NULL','2017-02-18 19:09:30'),(1459,2,0,157,32.03117,34.69347,283,282,'NULL','2017-02-18 19:11:37'),(1460,2,0,157,32.02396,34.69487,283,282,'NULL','2017-02-18 19:13:00'),(1461,2,0,157,32.01831,34.69596,283,283,'NULL','2017-02-18 19:14:06'),(1462,2,0,157,32.01222,34.69719,283,283,'NULL','2017-02-18 19:15:18'),(1463,2,0,157,32.00707,34.69821,283,283,'NULL','2017-02-18 19:16:18'),(1464,2,0,157,32.00080,34.69943,283,283,'NULL','2017-02-18 19:17:31'),(1465,2,0,157,31.98589,34.70239,283,283,'NULL','2017-02-18 19:20:25'),(1466,2,0,157,31.98021,34.70351,283,283,'NULL','2017-02-18 19:21:31'),(1467,2,0,158,31.97453,34.70464,283,283,'NULL','2017-02-18 19:22:37'),(1468,2,0,158,31.96885,34.70576,283,283,'NULL','2017-02-18 19:23:42'),(1469,2,0,158,31.96316,34.70689,283,283,'NULL','2017-02-18 19:24:48'),(1470,2,0,158,31.95704,34.70811,283,282,'NULL','2017-02-18 19:26:00'),(1471,2,0,158,31.94512,34.71041,283,283,'NULL','2017-02-18 19:28:18'),(1472,2,0,158,31.93881,34.71163,283,282,'NULL','2017-02-18 19:29:31'),(1473,2,0,158,31.93311,34.71270,283,283,'NULL','2017-02-18 19:30:37'),(1474,2,0,158,31.92794,34.71368,283,283,'NULL','2017-02-18 19:31:37'),(1475,2,0,158,31.92181,34.71483,282,283,'NULL','2017-02-18 19:32:48'),(1476,2,0,158,31.91662,34.71583,283,283,'NULL','2017-02-18 19:33:48'),(1477,2,0,158,31.90987,34.71715,283,283,'NULL','2017-02-18 19:35:06'),(1478,2,0,158,31.89219,34.72061,283,283,'NULL','2017-02-18 19:38:30'),(1479,2,0,158,31.88598,34.72182,283,283,'NULL','2017-02-18 19:39:43'),(1480,2,0,158,31.87415,34.72415,283,283,'NULL','2017-02-18 19:42:00'),(1481,2,0,158,31.86836,34.72530,283,283,'NULL','2017-02-18 19:43:06'),(1482,2,0,158,31.85695,34.72757,283,283,'NULL','2017-02-18 19:45:19'),(1483,2,0,158,31.85079,34.72879,283,283,'NULL','2017-02-18 19:46:30'),(1484,2,0,159,31.84499,34.72995,283,283,'NULL','2017-02-18 19:47:37'),(1485,2,0,159,31.83925,34.73108,283,283,'NULL','2017-02-18 19:48:43'),(1486,2,0,159,31.83302,34.73233,283,283,'NULL','2017-02-18 19:49:55'),(1487,2,0,158,31.82732,34.73346,283,282,'NULL','2017-02-18 19:51:01'),(1488,2,0,158,31.81585,34.73563,282,283,'NULL','2017-02-18 19:53:13'),(1489,2,0,158,31.80960,34.73680,282,283,'NULL','2017-02-18 19:54:24'),(1490,2,0,158,31.79763,34.73906,282,283,'NULL','2017-02-18 19:56:42'),(1491,2,0,158,31.79241,34.73999,282,283,'NULL','2017-02-18 19:57:43'),(1492,2,0,158,31.78667,34.74100,282,283,'NULL','2017-02-18 19:58:49'),(1493,2,0,158,31.76853,34.74437,284,285,'NULL','2017-02-18 20:02:18'),(1494,2,0,158,31.78041,34.74214,282,283,'NULL','2017-02-18 20:00:01'),(1495,2,0,158,31.77425,34.74325,282,282,'NULL','2017-02-18 20:01:12'),(1496,2,0,157,31.75672,34.74695,284,285,'NULL','2017-02-18 20:04:36'),(1497,2,0,157,31.74024,34.75050,284,285,'NULL','2017-02-18 20:07:49'),(1498,2,0,157,31.73418,34.75179,284,285,'NULL','2017-02-18 20:09:00'),(1499,2,0,157,31.72854,34.75295,284,285,'NULL','2017-02-18 20:10:06'),(1500,2,0,156,31.72284,34.75412,283,285,'NULL','2017-02-18 20:11:13'),(1501,2,0,156,31.71724,34.75532,284,286,'NULL','2017-02-18 20:12:19'),(1502,2,0,156,31.71113,34.75665,284,286,'NULL','2017-02-18 20:13:31'),(1503,2,0,156,31.69993,34.75906,284,286,'NULL','2017-02-18 20:15:43'),(1504,1,0,159,18.85085,39.86313,149,149,'NULL','2017-02-18 20:15:57'),(1505,1,0,159,18.85437,39.85845,149,149,'NULL','2017-02-18 20:17:10'),(1506,2,0,156,31.69381,34.76040,284,285,'NULL','2017-02-18 20:16:55'),(1507,2,0,157,31.68769,34.76178,285,286,'NULL','2017-02-18 20:18:07'),(1508,2,0,157,31.68207,34.76303,285,286,'NULL','2017-02-18 20:19:13'),(1509,2,0,157,31.67644,34.76432,285,285,'NULL','2017-02-18 20:20:19'),(1510,1,0,160,18.86693,39.84162,150,149,'NULL','2017-02-18 20:21:34'),(1511,2,0,158,31.65856,34.76844,285,285,'NULL','2017-02-18 20:23:48'),(1512,1,0,160,18.87432,39.83205,149,149,'NULL','2017-02-18 20:24:04'),(1513,2,0,158,31.65283,34.76977,285,286,'NULL','2017-02-18 20:24:55'),(1514,2,0,158,31.64102,34.77255,286,286,'NULL','2017-02-18 20:27:12'),(1515,2,0,158,31.63539,34.77389,286,285,'NULL','2017-02-18 20:28:19'),(1516,2,0,158,31.62361,34.77674,286,285,'NULL','2017-02-18 20:30:36'),(1517,2,0,158,31.61808,34.77809,286,286,'NULL','2017-02-18 20:31:42'),(1518,2,0,158,31.61235,34.77947,286,286,'NULL','2017-02-18 20:32:49'),(1519,2,0,158,31.60671,34.78085,286,286,'NULL','2017-02-18 20:33:54'),(1520,2,0,158,31.60058,34.78235,286,286,'NULL','2017-02-18 20:35:06'),(1521,2,0,158,31.59496,34.78372,286,286,'NULL','2017-02-18 20:36:13'),(1522,2,0,158,31.58884,34.78526,287,286,'NULL','2017-02-18 20:37:25'),(1523,2,0,158,31.58281,34.78681,287,286,'NULL','2017-02-18 20:38:36'),(1524,2,0,158,31.57773,34.78810,287,285,'NULL','2017-02-18 20:39:36'),(1525,2,0,158,31.55421,34.79424,287,285,'NULL','2017-02-18 20:44:13'),(1526,2,0,159,31.54040,34.79787,287,286,'NULL','2017-02-18 20:46:55'),(1527,2,0,159,31.53383,34.79963,287,285,'NULL','2017-02-18 20:48:12'),(1528,2,0,160,31.52758,34.80127,287,285,'NULL','2017-02-18 20:49:24'),(1529,2,0,160,31.52146,34.80285,287,286,'NULL','2017-02-18 20:50:36'),(1530,2,0,161,31.51575,34.80433,287,285,'NULL','2017-02-18 20:51:42'),(1531,2,0,161,31.50888,34.80604,287,286,'NULL','2017-02-18 20:53:00'),(1532,2,0,161,31.50165,34.80784,287,286,'NULL','2017-02-18 20:54:24'),(1533,2,0,161,31.48707,34.81154,287,286,'NULL','2017-02-18 20:57:12'),(1534,2,0,161,31.48022,34.81328,287,286,'NULL','2017-02-18 20:58:31'),(1535,2,0,160,31.46778,34.81647,287,286,'NULL','2017-02-18 21:00:55'),(1536,2,0,161,31.44761,34.82172,287,285,'NULL','2017-02-18 21:04:48'),(1537,1,0,153,18.99942,39.68172,145,149,'NULL','2017-02-18 21:04:52'),(1538,2,0,161,31.44140,34.82337,288,286,'NULL','2017-02-18 21:06:00'),(1539,1,0,152,19.00377,39.67672,146,149,'NULL','2017-02-18 21:06:16'),(1540,2,0,160,31.43623,34.82475,288,286,'NULL','2017-02-18 21:07:00'),(1541,2,0,160,31.42384,34.82797,287,285,'NULL','2017-02-18 21:09:25'),(1542,1,0,151,19.01622,39.66230,146,149,'NULL','2017-02-18 21:10:22'),(1543,1,0,152,19.02725,39.64930,146,149,'NULL','2017-02-18 21:14:04'),(1544,1,0,150,19.03115,39.64472,146,149,'NULL','2017-02-18 21:15:22'),(1545,1,0,151,19.03475,39.64050,145,149,'NULL','2017-02-18 21:16:34'),(1546,1,0,150,19.08567,39.58168,147,149,'NULL','2017-02-18 21:33:28'),(1547,1,0,150,19.15808,39.49003,149,149,'NULL','2017-02-18 21:59:10'),(1548,1,0,150,19.16182,39.48503,149,149,'NULL','2017-02-18 22:00:33'),(1549,2,0,197,34.64112,33.55776,55,56,'NULL','2017-02-17 22:03:59'),(1550,2,0,197,34.76291,33.62618,57,57,'NULL','2017-02-17 22:26:17'),(1551,2,0,197,34.76986,33.62995,56,57,'NULL','2017-02-17 22:27:34'),(1552,2,0,197,34.79079,33.64131,57,57,'NULL','2017-02-17 22:31:22'),(1553,2,0,198,34.80737,33.65030,56,57,'NULL','2017-02-17 22:34:22'),(1554,2,0,198,34.82523,33.65988,57,57,'NULL','2017-02-17 22:37:35'),(1555,2,0,198,34.83135,33.66316,57,57,'NULL','2017-02-17 22:38:41'),(1556,2,0,198,34.83747,33.66643,57,57,'NULL','2017-02-17 22:39:47'),(1557,2,0,198,34.84633,33.67123,56,55,'NULL','2017-02-17 22:41:22'),(1558,2,0,199,34.85894,33.67835,55,55,'NULL','2017-02-17 22:43:41'),(1559,2,0,199,34.88950,33.69588,55,54,'NULL','2017-02-17 22:49:17'),(1560,2,0,199,34.90318,33.70370,55,54,'NULL','2017-02-17 22:51:47'),(1561,2,0,199,34.93176,33.71999,55,54,'NULL','2017-02-17 22:56:59'),(1562,2,0,199,34.93825,33.72372,55,54,'NULL','2017-02-17 22:58:11'),(1563,2,0,199,34.94591,33.72813,55,55,'NULL','2017-02-17 22:59:35'),(1564,2,0,180,35.04047,33.78145,56,55,'NULL','2017-02-17 23:17:23'),(1565,2,0,178,35.06389,33.79428,56,55,'NULL','2017-02-17 23:22:05'),(1566,2,0,178,35.07034,33.79785,56,55,'NULL','2017-02-17 23:23:23'),(1567,2,0,177,35.11412,33.82251,55,54,'NULL','2017-02-17 23:32:17'),(1568,2,0,176,35.13071,33.83185,55,54,'NULL','2017-02-17 23:35:41'),(1569,2,0,175,35.16515,33.85165,55,55,'NULL','2017-02-17 23:42:47'),(1570,2,0,175,35.17086,33.85496,55,54,'NULL','2017-02-17 23:43:59'),(1571,2,0,175,35.22751,33.90501,36,35,'NULL','2017-02-17 23:58:23'),(1572,2,0,176,35.23428,33.91041,55,57,'NULL','2017-02-17 23:59:59'),(1573,2,0,170,35.27416,33.91726,86,86,'NULL','2017-02-18 00:07:05'),(1574,2,0,163,35.29469,33.91837,86,85,'NULL','2017-02-18 00:10:46'),(1575,2,0,146,35.33121,33.91999,88,87,'NULL','2017-02-18 00:17:47'),(1576,2,0,126,35.34649,33.92032,88,88,'NULL','2017-02-18 00:21:10'),(1577,2,0,97,35.38065,33.92089,88,87,'NULL','2017-02-18 00:30:56'),(1578,3,0,153,10.82863,38.23660,101,102,'NULL','2017-02-18 00:24:30'),(1579,2,0,97,35.38455,33.92099,88,88,'NULL','2017-02-18 00:32:07'),(1580,2,0,96,35.38885,33.92106,88,88,'NULL','2017-02-18 00:33:28'),(1581,2,0,96,35.40057,33.92122,89,88,'NULL','2017-02-18 00:37:06'),(1582,2,0,96,35.40435,33.92125,89,87,'NULL','2017-02-18 00:38:17'),(1583,2,0,96,35.40857,33.92134,88,87,'NULL','2017-02-18 00:39:36'),(1584,2,0,96,35.41290,33.92139,89,88,'NULL','2017-02-18 00:40:57'),(1585,2,0,95,35.42136,33.92142,89,88,'NULL','2017-02-18 00:43:36'),(1586,2,0,95,35.42510,33.92145,89,88,'NULL','2017-02-18 00:44:46'),(1587,2,0,95,35.42886,33.92149,89,88,'NULL','2017-02-18 00:45:56'),(1588,2,0,94,35.45258,33.92161,89,88,'NULL','2017-02-18 00:53:26'),(1589,2,0,94,35.45731,33.92162,89,88,'NULL','2017-02-18 00:54:56'),(1590,2,0,94,35.46113,33.92164,90,88,'NULL','2017-02-18 00:56:07'),(1591,2,0,93,35.46897,33.92173,86,85,'NULL','2017-02-18 00:58:37'),(1592,3,0,153,11.00047,38.20821,101,102,'NULL','2017-02-18 00:56:54'),(1593,2,0,83,35.48325,33.92253,83,84,'NULL','2017-02-18 01:03:26'),(1594,2,0,79,35.49654,33.92447,79,80,'NULL','2017-02-18 01:08:26'),(1595,2,0,79,35.49965,33.92496,79,80,'NULL','2017-02-18 01:09:37'),(1596,2,0,67,35.51893,33.92754,87,90,'NULL','2017-02-18 01:17:07'),(1597,2,0,55,35.52126,33.92753,92,95,'NULL','2017-02-18 01:18:17'),(1598,2,0,3,35.52347,33.92852,326,121,'NULL','2017-02-18 01:35:17'),(1599,3,0,143,11.20494,38.17413,125,128,'NULL','2017-02-18 01:36:47'),(1600,3,0,144,11.22218,38.16413,126,128,'NULL','2017-02-18 01:40:59'),(1601,3,0,144,11.22962,38.15987,125,128,'NULL','2017-02-18 01:42:47'),(1602,3,0,144,11.23537,38.15653,126,128,'NULL','2017-02-18 01:44:11'),(1603,3,0,145,11.24106,38.15321,126,128,'NULL','2017-02-18 01:45:35'),(1604,3,0,145,11.24650,38.15007,126,129,'NULL','2017-02-18 01:46:54'),(1605,3,0,145,11.26997,38.13565,127,130,'NULL','2017-02-18 01:52:42'),(1606,2,0,2,35.52225,33.92994,282,101,'NULL','2017-02-18 01:52:47'),(1607,3,0,145,11.27435,38.13298,127,130,'NULL','2017-02-18 01:53:47'),(1608,3,0,144,11.28047,38.12923,127,130,'NULL','2017-02-18 01:55:18'),(1609,3,0,144,11.28533,38.12628,127,130,'NULL','2017-02-18 01:56:29'),(1610,3,0,146,11.30968,38.11155,126,130,'NULL','2017-02-18 02:02:29'),(1611,3,0,146,11.32241,38.10393,127,131,'NULL','2017-02-18 02:05:34'),(1612,3,0,146,11.32773,38.10061,128,132,'NULL','2017-02-18 02:06:53'),(1613,3,0,146,11.33246,38.09756,129,132,'NULL','2017-02-18 02:08:04'),(1614,2,0,10,35.52973,33.92706,131,144,'NULL','2017-02-18 02:08:07'),(1615,3,0,146,11.33692,38.09471,128,132,'NULL','2017-02-18 02:09:11'),(1616,3,0,146,11.34130,38.09187,129,133,'NULL','2017-02-18 02:10:17'),(1617,3,0,146,11.34606,38.08876,129,133,'NULL','2017-02-18 02:11:29'),(1618,3,0,146,11.35080,38.08562,129,133,'NULL','2017-02-18 02:12:41'),(1619,3,0,146,11.35791,38.08091,129,133,'NULL','2017-02-18 02:14:29'),(1620,3,0,146,11.36658,38.07524,129,133,'NULL','2017-02-18 02:16:41'),(1621,3,0,146,11.37185,38.07185,128,132,'NULL','2017-02-18 02:17:59'),(1622,2,0,2,35.53070,33.92659,140,142,'NULL','2017-02-18 02:18:17'),(1623,3,0,146,11.37669,38.06879,128,133,'NULL','2017-02-18 02:19:11'),(1624,3,0,146,11.38262,38.06495,129,133,'NULL','2017-02-18 02:20:41'),(1625,3,0,146,11.38789,38.06157,128,132,'NULL','2017-02-18 02:21:59'),(1626,2,0,3,35.53092,33.92635,140,143,'NULL','2017-02-18 02:22:37'),(1627,3,0,146,11.39403,38.05788,126,132,'NULL','2017-02-18 02:23:29'),(1628,2,0,32,35.53176,33.92547,141,141,'NULL','2017-02-18 02:24:37'),(1629,3,0,146,11.39980,38.05447,126,133,'NULL','2017-02-18 02:24:54'),(1630,2,0,52,35.53302,33.92420,139,138,'NULL','2017-02-18 02:25:57'),(1631,3,0,146,11.40512,38.05125,127,134,'NULL','2017-02-18 02:26:11'),(1632,3,0,146,11.41076,38.04780,127,133,'NULL','2017-02-18 02:27:35'),(1633,3,0,147,11.41660,38.04430,126,134,'NULL','2017-02-18 02:28:59'),(1634,2,0,66,35.53625,33.91859,184,189,'NULL','2017-02-18 02:29:24'),(1635,3,0,146,11.42142,38.04130,129,143,'NULL','2017-02-18 02:30:11'),(1636,3,0,143,11.42567,38.03777,138,152,'NULL','2017-02-18 02:31:23'),(1637,3,0,140,11.42876,38.03421,146,155,'NULL','2017-02-18 02:32:29'),(1638,2,0,61,35.53252,33.91354,226,227,'NULL','2017-02-18 02:32:47'),(1639,3,0,140,11.43154,38.03052,149,155,'NULL','2017-02-18 02:33:35'),(1640,3,0,140,11.43506,38.02581,149,155,'NULL','2017-02-18 02:35:00'),(1641,2,0,46,35.52921,33.91116,229,228,'NULL','2017-02-18 02:35:16'),(1642,3,0,141,11.43788,38.02211,148,155,'NULL','2017-02-18 02:36:06'),(1643,2,0,42,35.52773,33.91011,229,227,'NULL','2017-02-18 02:36:36'),(1644,3,0,140,11.44092,38.01807,149,155,'NULL','2017-02-18 02:37:17'),(1645,2,0,37,35.52639,33.90913,228,227,'NULL','2017-02-18 02:37:57'),(1646,3,0,140,11.44469,38.01300,149,155,'NULL','2017-02-18 02:38:47'),(1647,3,0,140,11.44742,38.00927,149,155,'NULL','2017-02-18 02:39:53'),(1648,2,0,32,35.52447,33.90759,228,224,'NULL','2017-02-18 02:40:16'),(1649,3,0,141,11.45020,38.00556,149,155,'NULL','2017-02-18 02:41:00'),(1650,3,0,141,11.45322,38.00150,149,155,'NULL','2017-02-18 02:42:12'),(1651,3,0,141,11.45623,37.99743,149,155,'NULL','2017-02-18 02:43:23'),(1652,3,0,141,11.45899,37.99371,149,155,'NULL','2017-02-18 02:44:29'),(1653,2,0,15,35.52156,33.90571,232,229,'NULL','2017-02-18 02:44:28'),(1654,3,0,141,11.46193,37.98969,150,155,'NULL','2017-02-18 02:45:41'),(1655,3,0,141,11.46569,37.98454,150,155,'NULL','2017-02-18 02:47:11'),(1656,3,0,140,11.46866,37.98046,150,155,'NULL','2017-02-18 02:48:23'),(1657,2,0,9,35.52103,33.90656,46,317,'NULL','2017-02-18 02:49:11'),(1658,3,0,140,11.47131,37.97677,150,155,'NULL','2017-02-18 02:49:29'),(1659,3,0,140,11.47498,37.97167,149,148,'NULL','2017-02-18 02:50:59'),(1660,3,0,141,11.47891,37.96755,140,140,'NULL','2017-02-18 02:52:18'),(1661,3,0,141,11.48269,37.96442,134,132,'NULL','2017-02-18 02:53:23'),(1662,2,0,16,35.52230,33.90644,50,30,'NULL','2017-02-18 02:53:28'),(1663,3,0,143,11.48859,37.96081,126,129,'NULL','2017-02-18 02:54:53'),(1664,3,0,144,11.49401,37.95772,126,128,'NULL','2017-02-18 02:56:11'),(1665,3,0,144,11.49865,37.95525,123,125,'NULL','2017-02-18 02:57:17'),(1666,2,0,14,35.52439,33.90753,62,59,'NULL','2017-02-18 02:57:48'),(1667,3,0,145,11.50345,37.95293,121,125,'NULL','2017-02-18 02:58:23'),(1668,3,0,145,11.50821,37.95069,120,125,'NULL','2017-02-18 02:59:29'),(1669,2,5,3,35.52474,33.90766,85,59,'NULL','2017-02-18 02:59:47'),(1670,3,0,146,11.51358,37.94817,120,125,'NULL','2017-02-18 03:00:41'),(1671,3,0,146,11.51968,37.94527,120,125,'NULL','2017-02-18 03:02:05'),(1672,3,0,146,11.52408,37.94318,120,125,'NULL','2017-02-18 03:03:05'),(1673,3,0,146,11.52944,37.94064,120,125,'NULL','2017-02-18 03:04:18'),(1674,3,0,146,11.53563,37.93772,120,125,'NULL','2017-02-18 03:05:41'),(1675,3,0,146,11.54134,37.93496,121,125,'NULL','2017-02-18 03:07:00'),(1676,3,0,146,11.54662,37.93242,121,125,'NULL','2017-02-18 03:08:11'),(1677,3,0,146,11.55148,37.93009,121,125,'NULL','2017-02-18 03:09:17'),(1678,3,0,146,11.55632,37.92773,121,125,'NULL','2017-02-18 03:10:24'),(1679,3,0,146,11.56249,37.92474,121,125,'NULL','2017-02-18 03:11:47'),(1680,3,0,147,11.56734,37.92239,121,125,'NULL','2017-02-18 03:12:53'),(1681,3,0,147,11.57172,37.92022,122,126,'NULL','2017-02-18 03:13:54'),(1682,3,0,147,11.57783,37.91714,122,125,'NULL','2017-02-18 03:15:17'),(1683,3,0,147,11.58306,37.91447,122,125,'NULL','2017-02-18 03:16:29'),(1684,2,5,0,35.52518,33.90761,261,57,'NULL','2017-02-18 03:17:23'),(1685,3,0,147,11.58778,37.91207,122,125,'NULL','2017-02-18 03:17:35'),(1686,3,0,147,11.59264,37.90959,122,125,'NULL','2017-02-18 03:18:41'),(1687,3,0,147,11.59788,37.90693,122,125,'NULL','2017-02-18 03:19:54'),(1688,2,5,0,35.52519,33.90761,261,57,'NULL','2017-02-18 03:20:26'),(1689,3,0,147,11.60344,37.90402,123,125,'NULL','2017-02-18 03:21:11'),(1690,3,0,147,11.60831,37.90151,123,125,'NULL','2017-02-18 03:22:18'),(1691,3,0,147,11.61393,37.89857,123,125,'NULL','2017-02-18 03:23:35'),(1692,3,0,147,11.61868,37.89607,123,125,'NULL','2017-02-18 03:24:41'),(1693,3,0,147,11.62472,37.89289,123,125,'NULL','2017-02-18 03:26:05'),(1694,2,5,0,35.52521,33.90760,261,57,'NULL','2017-02-18 03:26:27'),(1695,3,0,147,11.62991,37.89019,123,125,'NULL','2017-02-18 03:27:17'),(1696,3,0,147,11.63507,37.88747,123,125,'NULL','2017-02-18 03:28:29'),(1697,3,0,147,11.64025,37.88475,123,125,'NULL','2017-02-18 03:29:41'),(1698,3,0,147,11.64579,37.88183,123,125,'NULL','2017-02-18 03:30:59'),(1699,3,0,147,11.65096,37.87908,123,125,'NULL','2017-02-18 03:32:11'),(1700,3,0,147,11.65621,37.87629,123,125,'NULL','2017-02-18 03:33:24'),(1701,3,0,147,11.66175,37.87336,123,125,'NULL','2017-02-18 03:34:41'),(1702,3,0,147,11.66658,37.87082,123,125,'NULL','2017-02-18 03:35:48'),(1703,3,0,147,11.67295,37.86740,124,125,'NULL','2017-02-18 03:37:17'),(1704,3,0,147,11.67768,37.86488,123,125,'NULL','2017-02-18 03:38:23'),(1705,3,0,147,11.68334,37.86185,123,125,'NULL','2017-02-18 03:39:41'),(1706,3,0,147,11.68844,37.85913,124,129,'NULL','2017-02-18 03:40:53'),(1707,3,0,147,11.69302,37.85635,127,130,'NULL','2017-02-18 03:41:59'),(1708,3,0,146,11.69822,37.85298,129,130,'NULL','2017-02-18 03:43:18'),(1709,3,0,146,11.70291,37.84988,129,130,'NULL','2017-02-18 03:44:29'),(1710,3,0,147,11.70728,37.84701,129,130,'NULL','2017-02-18 03:45:35'),(1711,3,0,146,11.71173,37.84411,129,130,'NULL','2017-02-18 03:46:41'),(1712,3,0,146,11.71642,37.84104,129,130,'NULL','2017-02-18 03:47:53'),(1713,3,0,146,11.72084,37.83813,129,130,'NULL','2017-02-18 03:49:00'),(1714,3,0,146,11.72516,37.83525,130,130,'NULL','2017-02-18 03:50:05'),(1715,2,5,1,35.52518,33.90763,261,57,'NULL','2017-02-18 03:50:23'),(1716,3,0,145,11.73144,37.83106,130,130,'NULL','2017-02-18 03:51:42'),(1717,3,0,145,11.73613,37.82793,130,130,'NULL','2017-02-18 03:52:54'),(1718,2,5,0,35.52521,33.90760,261,57,'NULL','2017-02-18 03:53:24'),(1719,3,0,145,11.74161,37.82430,129,130,'NULL','2017-02-18 03:54:18'),(1720,3,0,145,11.74669,37.82093,129,128,'NULL','2017-02-18 03:55:35'),(1721,3,0,145,11.75148,37.81792,128,128,'NULL','2017-02-18 03:56:47'),(1722,3,0,145,11.75588,37.81518,128,128,'NULL','2017-02-18 03:57:54'),(1723,3,0,145,11.76028,37.81243,128,128,'NULL','2017-02-18 03:58:59'),(1724,2,5,0,35.52522,33.90760,261,57,'NULL','2017-02-18 03:59:24'),(1725,3,0,145,11.76547,37.80916,128,128,'NULL','2017-02-18 04:00:18'),(1726,3,0,145,11.76984,37.80638,128,128,'NULL','2017-02-18 04:01:24'),(1727,2,5,0,35.52521,33.90760,261,57,'NULL','2017-02-18 04:02:23'),(1728,3,0,145,11.77462,37.80335,128,128,'NULL','2017-02-18 04:02:36'),(1729,3,0,144,11.77892,37.80062,128,128,'NULL','2017-02-18 04:03:41'),(1730,3,0,144,11.78374,37.79756,128,128,'NULL','2017-02-18 04:04:53'),(1731,2,5,0,35.52520,33.90761,261,57,'NULL','2017-02-18 04:05:23'),(1732,3,0,144,11.78808,37.79479,128,128,'NULL','2017-02-18 04:06:00'),(1733,3,0,144,11.79283,37.79178,128,128,'NULL','2017-02-18 04:07:11'),(1734,2,5,0,35.52520,33.90760,261,57,'NULL','2017-02-18 04:08:21'),(1735,3,0,144,11.79795,37.78849,129,128,'NULL','2017-02-18 04:08:29'),(1736,3,0,144,11.80260,37.78548,129,128,'NULL','2017-02-18 04:09:41'),(1737,3,0,144,11.80737,37.78241,129,128,'NULL','2017-02-18 04:10:53'),(1738,3,0,143,11.81209,37.77938,128,128,'NULL','2017-02-18 04:12:05'),(1739,3,0,143,11.81644,37.77663,128,128,'NULL','2017-02-18 04:13:12'),(1740,3,0,144,11.82155,37.77336,129,128,'NULL','2017-02-18 04:14:29'),(1741,3,0,143,11.82626,37.77033,128,126,'NULL','2017-02-18 04:15:41'),(1742,3,0,143,11.83068,37.76769,126,126,'NULL','2017-02-18 04:16:47'),(1743,3,0,143,11.83554,37.76484,126,126,'NULL','2017-02-18 04:17:59'),(1744,3,0,143,11.84001,37.76224,126,127,'NULL','2017-02-18 04:19:06'),(1745,3,0,143,11.84513,37.75908,128,128,'NULL','2017-02-18 04:20:23'),(1746,3,0,143,11.85030,37.75578,129,128,'NULL','2017-02-18 04:21:42'),(1747,3,0,143,11.85529,37.75252,129,128,'NULL','2017-02-18 04:22:59'),(1748,3,0,143,11.85968,37.74974,128,128,'NULL','2017-02-18 04:24:06'),(1749,3,0,143,11.86401,37.74701,128,128,'NULL','2017-02-18 04:25:12'),(1750,3,0,143,11.86874,37.74402,127,134,'NULL','2017-02-18 04:26:24'),(1751,3,0,142,11.87270,37.74099,136,147,'NULL','2017-02-18 04:27:29'),(1752,3,0,139,11.87567,37.73738,150,159,'NULL','2017-02-18 04:28:35'),(1753,3,0,140,11.87769,37.73298,161,165,'NULL','2017-02-18 04:29:48'),(1754,3,0,142,11.87903,37.72877,166,165,'NULL','2017-02-18 04:30:54'),(1755,3,0,143,11.88038,37.72417,167,165,'NULL','2017-02-18 04:32:05'),(1756,3,0,143,11.88162,37.71980,167,163,'NULL','2017-02-18 04:33:11'),(1757,3,0,143,11.88333,37.71486,163,161,'NULL','2017-02-18 04:34:29'),(1758,3,0,143,11.88547,37.70946,162,160,'NULL','2017-02-18 04:35:53'),(1759,3,0,143,11.88734,37.70496,161,160,'NULL','2017-02-18 04:37:05'),(1760,3,0,144,11.88907,37.70077,161,160,'NULL','2017-02-18 04:38:11'),(1761,3,0,144,11.89081,37.69650,162,160,'NULL','2017-02-18 04:39:17'),(1762,3,0,144,11.89252,37.69237,161,160,'NULL','2017-02-18 04:40:23'),(1763,3,0,144,11.89427,37.68810,161,160,'NULL','2017-02-18 04:41:29'),(1764,3,0,144,11.89595,37.68395,162,160,'NULL','2017-02-18 04:42:35'),(1765,3,0,144,11.89767,37.67966,162,160,'NULL','2017-02-18 04:43:42'),(1766,3,0,144,11.89946,37.67512,162,156,'NULL','2017-02-18 04:44:53'),(1767,3,0,142,11.90121,37.67138,158,148,'NULL','2017-02-18 04:45:53'),(1768,3,0,138,11.90395,37.66762,146,136,'NULL','2017-02-18 04:46:59'),(1769,3,0,136,11.90714,37.66467,137,127,'NULL','2017-02-18 04:48:00'),(1770,3,0,136,11.91163,37.66184,127,122,'NULL','2017-02-18 04:49:11'),(1771,2,5,0,35.52519,33.90760,261,57,'NULL','2017-02-18 04:50:24'),(1772,3,0,138,11.91724,37.65895,122,120,'NULL','2017-02-18 04:50:35'),(1773,3,0,140,11.92236,37.65651,120,121,'NULL','2017-02-18 04:51:47'),(1774,3,0,141,11.92710,37.65426,120,120,'NULL','2017-02-18 04:52:55'),(1775,3,0,142,11.93188,37.65201,120,120,'NULL','2017-02-18 04:54:02'),(1776,3,0,143,11.93705,37.64958,120,120,'NULL','2017-02-18 04:55:13'),(1777,3,0,143,11.94178,37.64733,120,120,'NULL','2017-02-18 04:56:19'),(1778,2,5,0,35.52521,33.90762,261,57,'NULL','2017-02-18 04:56:25'),(1779,3,0,143,11.94647,37.64511,120,120,'NULL','2017-02-18 04:57:25'),(1780,3,0,143,11.95174,37.64263,120,120,'NULL','2017-02-18 04:58:37'),(1781,2,5,0,35.52522,33.90763,261,57,'NULL','2017-02-18 04:59:23'),(1782,3,0,144,11.95687,37.64021,120,121,'NULL','2017-02-18 04:59:49'),(1783,3,0,144,11.96212,37.63769,121,120,'NULL','2017-02-18 05:01:02'),(1784,3,0,144,11.96727,37.63525,120,120,'NULL','2017-02-18 05:02:13'),(1785,3,0,144,11.97211,37.63297,120,120,'NULL','2017-02-18 05:03:19'),(1786,3,0,144,11.97691,37.63073,120,120,'NULL','2017-02-18 05:04:25'),(1787,3,0,144,11.98171,37.62847,120,121,'NULL','2017-02-18 05:05:31'),(1788,3,0,144,11.98736,37.62578,120,120,'NULL','2017-02-18 05:06:49'),(1789,3,0,144,11.99251,37.62334,120,120,'NULL','2017-02-18 05:08:01'),(1790,3,0,144,11.99736,37.62104,120,120,'NULL','2017-02-18 05:09:08'),(1791,3,0,144,12.00251,37.61860,120,121,'NULL','2017-02-18 05:10:19'),(1792,3,0,144,12.00735,37.61626,121,120,'NULL','2017-02-18 05:11:25'),(1793,3,0,144,12.01248,37.61379,120,120,'NULL','2017-02-18 05:12:37'),(1794,3,0,144,12.01779,37.61129,120,120,'NULL','2017-02-18 05:13:49'),(1795,2,5,0,35.52523,33.90762,261,57,'NULL','2017-02-18 05:14:23'),(1796,3,0,144,12.02258,37.60902,120,120,'NULL','2017-02-18 05:14:55'),(1797,3,0,145,12.02736,37.60674,121,120,'NULL','2017-02-18 05:16:01'),(1798,3,0,144,12.03207,37.60447,121,120,'NULL','2017-02-18 05:17:07'),(1799,3,0,144,12.03770,37.60175,121,120,'NULL','2017-02-18 05:18:25'),(1800,3,0,144,12.04248,37.59947,120,120,'NULL','2017-02-18 05:19:31'),(1801,3,0,144,12.04769,37.59698,120,120,'NULL','2017-02-18 05:20:43'),(1802,3,0,144,12.05253,37.59467,121,120,'NULL','2017-02-18 05:21:49'),(1803,3,0,144,12.05766,37.59220,121,121,'NULL','2017-02-18 05:23:01'),(1804,3,0,144,12.06240,37.58989,121,121,'NULL','2017-02-18 05:24:07'),(1805,3,0,144,12.06721,37.58752,121,120,'NULL','2017-02-18 05:25:13'),(1806,3,0,144,12.07239,37.58502,121,120,'NULL','2017-02-18 05:26:25'),(1807,3,0,144,12.07753,37.58260,120,120,'NULL','2017-02-18 05:27:37'),(1808,3,0,144,12.08232,37.58035,120,120,'NULL','2017-02-18 05:28:43'),(1809,3,0,144,12.08710,37.57807,120,121,'NULL','2017-02-18 05:29:49'),(1810,3,0,145,12.09194,37.57573,121,120,'NULL','2017-02-18 05:30:55'),(1811,3,0,145,12.09665,37.57347,121,120,'NULL','2017-02-18 05:32:01'),(1812,2,5,0,35.52519,33.90761,261,57,'NULL','2017-02-18 05:32:25'),(1813,3,0,144,12.10188,37.57100,120,120,'NULL','2017-02-18 05:33:13'),(1814,3,0,144,12.10669,37.56875,120,120,'NULL','2017-02-18 05:34:19'),(1815,2,5,0,35.52521,33.90762,261,57,'NULL','2017-02-18 05:35:26'),(1816,3,0,144,12.11145,37.56645,121,120,'NULL','2017-02-18 05:35:25'),(1817,3,0,144,12.11629,37.56413,120,119,'NULL','2017-02-18 05:36:31'),(1818,3,0,144,12.12197,37.56151,119,119,'NULL','2017-02-18 05:37:50'),(1819,2,5,0,35.52521,33.90762,261,57,'NULL','2017-02-18 05:38:25'),(1820,3,0,144,12.12678,37.55930,120,119,'NULL','2017-02-18 05:38:55'),(1821,3,0,144,12.13246,37.55667,120,119,'NULL','2017-02-18 05:40:13'),(1822,3,0,144,12.13812,37.55405,120,119,'NULL','2017-02-18 05:41:31'),(1823,3,0,143,12.14285,37.55189,119,119,'NULL','2017-02-18 05:42:37'),(1824,3,0,143,12.14769,37.54963,120,119,'NULL','2017-02-18 05:43:43'),(1825,3,0,143,12.15245,37.54741,120,119,'NULL','2017-02-18 05:44:50'),(1826,3,0,143,12.15766,37.54501,120,119,'NULL','2017-02-18 05:46:01'),(1827,3,0,143,12.16280,37.54266,119,119,'NULL','2017-02-18 05:47:13'),(1828,3,0,143,12.16763,37.54042,120,119,'NULL','2017-02-18 05:48:19'),(1829,3,0,143,12.17240,37.53821,120,124,'NULL','2017-02-18 05:49:25'),(1830,3,0,143,12.17692,37.53568,126,133,'NULL','2017-02-18 05:50:32'),(1831,3,0,143,12.18118,37.53239,136,142,'NULL','2017-02-18 05:51:43'),(1832,3,0,143,12.18446,37.52887,144,145,'NULL','2017-02-18 05:52:49'),(1833,2,5,0,35.52519,33.90761,261,57,'NULL','2017-02-18 05:53:23'),(1834,3,0,143,12.18750,37.52520,146,145,'NULL','2017-02-18 05:53:55'),(1835,3,0,144,12.19024,37.52183,147,145,'NULL','2017-02-18 05:55:00'),(1836,3,0,144,12.19357,37.51773,147,145,'NULL','2017-02-18 05:56:07'),(1837,3,0,144,12.19655,37.51400,147,145,'NULL','2017-02-18 05:57:14'),(1838,3,0,143,12.19925,37.51062,147,145,'NULL','2017-02-18 05:58:14'),(1839,3,0,143,12.20246,37.50655,147,145,'NULL','2017-02-18 05:59:26'),(1840,3,0,143,12.20588,37.50219,147,144,'NULL','2017-02-18 06:00:43'),(1841,3,0,143,12.20991,37.49712,147,145,'NULL','2017-02-18 06:02:13'),(1842,3,0,143,12.21257,37.49372,148,145,'NULL','2017-02-18 06:03:13'),(1843,3,0,143,12.21553,37.48993,148,145,'NULL','2017-02-18 06:04:20'),(1844,3,0,143,12.21896,37.48551,148,145,'NULL','2017-02-18 06:05:37'),(1845,3,0,143,12.22212,37.48145,148,144,'NULL','2017-02-18 06:06:49'),(1846,3,0,142,12.22528,37.47739,148,144,'NULL','2017-02-18 06:08:01'),(1847,3,0,142,12.22808,37.47372,148,143,'NULL','2017-02-18 06:09:07'),(1848,3,0,140,12.23106,37.47002,146,136,'NULL','2017-02-18 06:10:13'),(1849,3,0,137,12.23482,37.46650,137,126,'NULL','2017-02-18 06:11:25'),(1850,3,0,135,12.23881,37.46381,128,117,'NULL','2017-02-18 06:12:31'),(1851,3,0,133,12.24463,37.46118,116,112,'NULL','2017-02-18 06:13:58'),(1852,3,0,134,12.24962,37.45937,114,112,'NULL','2017-02-18 06:15:07'),(1853,3,0,136,12.25465,37.45755,114,112,'NULL','2017-02-18 06:16:18'),(1854,2,5,0,35.52519,33.90762,261,57,'NULL','2017-02-18 06:17:22'),(1855,3,0,136,12.26043,37.45542,114,112,'NULL','2017-02-18 06:17:38'),(1856,3,0,136,12.26612,37.45328,115,112,'NULL','2017-02-18 06:18:56'),(1857,3,0,137,12.27118,37.45137,115,112,'NULL','2017-02-18 06:20:07'),(1858,3,0,137,12.27632,37.44947,114,112,'NULL','2017-02-18 06:21:17'),(1859,3,0,137,12.28140,37.44761,114,112,'NULL','2017-02-18 06:22:27'),(1860,3,0,136,12.28713,37.44554,114,112,'NULL','2017-02-18 06:23:47'),(1861,3,0,136,12.29153,37.44390,115,113,'NULL','2017-02-18 06:24:48'),(1862,3,0,136,12.29729,37.44173,115,112,'NULL','2017-02-18 06:26:08'),(1863,3,0,137,12.30306,37.43957,115,112,'NULL','2017-02-18 06:27:27'),(1864,3,0,137,12.30878,37.43740,115,112,'NULL','2017-02-18 06:28:47'),(1865,3,0,137,12.31531,37.43495,115,112,'NULL','2017-02-18 06:30:17'),(1866,3,0,137,12.32047,37.43303,115,112,'NULL','2017-02-18 06:31:27'),(1867,3,0,138,12.32555,37.43110,115,112,'NULL','2017-02-18 06:32:37'),(1868,3,0,138,12.33418,37.42779,115,111,'NULL','2017-02-18 06:34:37'),(1869,2,5,0,35.52522,33.90762,261,57,'NULL','2017-02-18 06:35:26'),(1870,3,0,138,12.33938,37.42586,114,111,'NULL','2017-02-18 06:35:48'),(1871,3,0,139,12.34592,37.42347,114,112,'NULL','2017-02-18 06:37:17'),(1872,3,0,140,12.35183,37.42130,114,112,'NULL','2017-02-18 06:38:37'),(1873,3,0,140,12.35690,37.41949,113,112,'NULL','2017-02-18 06:39:45'),(1874,3,0,141,12.36273,37.41742,114,112,'NULL','2017-02-18 06:41:03'),(1875,3,0,142,12.36913,37.41514,113,112,'NULL','2017-02-18 06:42:28'),(1876,3,0,142,12.37413,37.41338,113,112,'NULL','2017-02-18 06:43:34'),(1877,3,0,143,12.38051,37.41112,114,112,'NULL','2017-02-18 06:44:57'),(1878,3,0,143,12.38601,37.40919,113,112,'NULL','2017-02-18 06:46:09'),(1879,3,0,143,12.39340,37.40668,112,112,'NULL','2017-02-18 06:47:45'),(1880,3,0,144,12.39888,37.40481,113,112,'NULL','2017-02-18 06:48:57'),(1881,3,0,144,12.40538,37.40261,112,112,'NULL','2017-02-18 06:50:21'),(1882,3,0,144,12.41096,37.40071,112,112,'NULL','2017-02-18 06:51:32'),(1883,3,0,145,12.41617,37.39896,113,113,'NULL','2017-02-18 06:52:39'),(1884,3,0,145,12.42168,37.39707,113,112,'NULL','2017-02-18 06:53:51'),(1885,3,0,145,12.42774,37.39503,112,112,'NULL','2017-02-18 06:55:09'),(1886,2,5,0,35.52520,33.90762,261,57,'NULL','2017-02-18 06:56:24'),(1887,3,0,145,12.43388,37.39295,112,112,'NULL','2017-02-18 06:56:27'),(1888,3,0,145,12.44273,37.38994,113,112,'NULL','2017-02-18 06:58:22'),(1889,3,0,144,12.44966,37.38764,112,112,'NULL','2017-02-18 06:59:51'),(1890,3,0,144,12.45479,37.38593,112,112,'NULL','2017-02-18 07:00:57'),(1891,3,0,144,12.45943,37.38436,113,112,'NULL','2017-02-18 07:01:57'),(1892,2,5,0,35.52521,33.90763,261,57,'NULL','2017-02-18 07:02:25'),(1893,3,0,144,12.46786,37.38151,112,112,'NULL','2017-02-18 07:03:45'),(1894,3,0,144,12.47334,37.37967,112,112,'NULL','2017-02-18 07:04:57'),(1895,2,5,0,35.52522,33.90763,261,57,'NULL','2017-02-18 07:05:25'),(1896,3,0,143,12.47853,37.37797,112,112,'NULL','2017-02-18 07:06:04'),(1897,3,0,143,12.48456,37.37597,112,112,'NULL','2017-02-18 07:07:21'),(1898,2,5,0,35.52519,33.90762,261,57,'NULL','2017-02-18 07:08:27'),(1899,3,0,143,12.49012,37.37413,112,112,'NULL','2017-02-18 07:08:33'),(1900,3,0,143,12.49562,37.37232,112,112,'NULL','2017-02-18 07:09:45'),(1901,3,0,143,12.50079,37.37059,112,112,'NULL','2017-02-18 07:10:52'),(1902,3,0,143,12.50680,37.36858,112,112,'NULL','2017-02-18 07:12:10'),(1903,3,0,143,12.51184,37.36696,111,114,'NULL','2017-02-18 07:13:15'),(1904,3,0,143,12.51731,37.36499,114,116,'NULL','2017-02-18 07:14:27'),(1905,3,0,143,12.52232,37.36303,116,116,'NULL','2017-02-18 07:15:33'),(1906,3,0,143,12.52763,37.36092,116,116,'NULL','2017-02-18 07:16:45'),(1907,3,0,143,12.53269,37.35900,115,116,'NULL','2017-02-18 07:17:52'),(1908,3,0,143,12.53762,37.35718,115,116,'NULL','2017-02-18 07:18:57'),(1909,3,0,144,12.54308,37.35511,115,116,'NULL','2017-02-18 07:20:09'),(1910,3,0,144,12.54856,37.35306,115,116,'NULL','2017-02-18 07:21:21'),(1911,2,5,60,35.52964,33.91044,43,42,'NULL','2017-02-18 07:21:50'),(1912,3,0,143,12.55363,37.35116,115,116,'NULL','2017-02-18 07:22:27'),(1913,2,0,73,35.53169,33.91241,41,38,'NULL','2017-02-18 07:23:10'),(1914,3,0,143,12.55899,37.34917,114,116,'NULL','2017-02-18 07:23:43'),(1915,2,0,69,35.53339,33.91430,35,34,'NULL','2017-02-18 07:24:21'),(1916,3,0,142,12.56396,37.34731,115,117,'NULL','2017-02-18 07:24:45'),(1917,2,0,62,35.53485,33.91597,34,34,'NULL','2017-02-18 07:25:30'),(1918,3,0,142,12.56890,37.34546,115,116,'NULL','2017-02-18 07:25:51'),(1919,3,0,142,12.57437,37.34343,115,116,'NULL','2017-02-18 07:27:03'),(1920,3,0,142,12.58019,37.34126,115,116,'NULL','2017-02-18 07:28:21'),(1921,3,0,141,12.58510,37.33939,115,116,'NULL','2017-02-18 07:29:28'),(1922,3,0,142,12.58993,37.33753,115,116,'NULL','2017-02-18 07:30:33'),(1923,2,0,37,35.53767,33.92199,344,336,'NULL','2017-02-18 07:30:50'),(1924,3,0,142,12.59447,37.33578,115,116,'NULL','2017-02-18 07:31:33'),(1925,3,0,142,12.59976,37.33375,115,116,'NULL','2017-02-18 07:32:45'),(1926,3,0,142,12.60520,37.33164,115,116,'NULL','2017-02-18 07:33:57'),(1927,3,0,143,12.60970,37.32993,115,116,'NULL','2017-02-18 07:34:58'),(1928,3,0,143,12.61456,37.32804,115,116,'NULL','2017-02-18 07:36:03'),(1929,3,0,143,12.61958,37.32609,115,116,'NULL','2017-02-18 07:37:09'),(1930,3,0,143,12.62455,37.32416,115,116,'NULL','2017-02-18 07:38:15'),(1931,3,0,144,12.62952,37.32221,116,117,'NULL','2017-02-18 07:39:21'),(1932,2,0,100,35.52034,33.92466,262,260,'NULL','2017-02-18 07:39:21'),(1933,2,0,105,35.51638,33.92411,260,260,'NULL','2017-02-18 07:40:31'),(1934,3,0,144,12.63493,37.32006,116,117,'NULL','2017-02-18 07:40:33'),(1935,3,0,144,12.64033,37.31787,116,117,'NULL','2017-02-18 07:41:46'),(1936,3,0,144,12.64572,37.31567,116,117,'NULL','2017-02-18 07:42:57'),(1937,3,0,144,12.65112,37.31348,117,117,'NULL','2017-02-18 07:44:09'),(1938,2,0,134,35.49715,33.92310,270,269,'NULL','2017-02-18 07:45:21'),(1939,3,0,144,12.65688,37.31116,116,117,'NULL','2017-02-18 07:45:27'),(1940,3,0,145,12.66183,37.30910,117,117,'NULL','2017-02-18 07:46:33'),(1941,2,0,145,35.48555,33.92311,269,270,'NULL','2017-02-18 07:47:49'),(1942,3,0,144,12.66723,37.30684,117,117,'NULL','2017-02-18 07:47:45'),(1943,3,0,145,12.67218,37.30482,116,117,'NULL','2017-02-18 07:48:51'),(1944,3,0,144,12.67714,37.30279,117,117,'NULL','2017-02-18 07:49:57'),(1945,3,0,145,12.68209,37.30077,117,118,'NULL','2017-02-18 07:51:03'),(1946,3,0,145,12.68791,37.29835,117,118,'NULL','2017-02-18 07:52:21'),(1947,3,0,145,12.69290,37.29624,117,118,'NULL','2017-02-18 07:53:27'),(1948,3,0,145,12.69826,37.29397,118,118,'NULL','2017-02-18 07:54:39'),(1949,3,0,145,12.70310,37.29192,117,118,'NULL','2017-02-18 07:55:45'),(1950,3,0,145,12.70805,37.28988,117,118,'NULL','2017-02-18 07:56:51'),(1951,3,0,145,12.71478,37.28704,118,118,'NULL','2017-02-18 07:58:21'),(1952,2,0,151,35.42729,33.92371,284,285,'NULL','2017-02-18 07:59:18'),(1953,3,0,145,12.72016,37.28477,117,118,'NULL','2017-02-18 07:59:33'),(1954,3,0,145,12.72466,37.28289,117,118,'NULL','2017-02-18 08:00:33'),(1955,3,0,145,12.73139,37.28003,117,118,'NULL','2017-02-18 08:02:03'),(1956,2,0,150,35.41015,33.92407,270,271,'NULL','2017-02-18 08:02:48'),(1957,3,0,145,12.73594,37.27811,117,118,'NULL','2017-02-18 08:03:03'),(1958,2,0,152,35.40461,33.92410,270,271,'NULL','2017-02-18 08:03:55'),(1959,3,0,145,12.74086,37.27601,118,119,'NULL','2017-02-18 08:04:09'),(1960,3,0,145,12.74614,37.27376,118,119,'NULL','2017-02-18 08:05:21'),(1961,3,0,144,12.75149,37.27149,117,118,'NULL','2017-02-18 08:06:33'),(1962,3,0,144,12.75641,37.26944,117,118,'NULL','2017-02-18 08:07:39'),(1963,3,0,145,12.76178,37.26719,117,118,'NULL','2017-02-18 08:08:51'),(1964,3,0,145,12.76670,37.26512,117,118,'NULL','2017-02-18 08:09:57'),(1965,3,0,145,12.77214,37.26281,117,118,'NULL','2017-02-18 08:11:09'),(1966,2,0,154,35.36356,33.92448,270,271,'NULL','2017-02-18 08:11:55'),(1967,3,0,145,12.77750,37.26053,117,118,'NULL','2017-02-18 08:12:21'),(1968,3,0,145,12.78235,37.25848,117,118,'NULL','2017-02-18 08:13:27'),(1969,3,0,145,12.78682,37.25659,118,119,'NULL','2017-02-18 08:14:27'),(1970,3,0,145,12.79129,37.25469,117,119,'NULL','2017-02-18 08:15:27'),(1971,3,0,145,12.79620,37.25258,119,125,'NULL','2017-02-18 08:16:33'),(1972,3,0,144,12.80079,37.25009,124,127,'NULL','2017-02-18 08:17:39'),(1973,3,0,144,12.80526,37.24747,126,127,'NULL','2017-02-18 08:18:45'),(1974,2,0,154,35.32742,33.92487,270,271,'NULL','2017-02-18 08:18:55'),(1975,2,0,154,35.32175,33.92493,270,270,'NULL','2017-02-18 08:20:01'),(1976,3,0,144,12.81049,37.24431,127,127,'NULL','2017-02-18 08:20:03'),(1977,2,0,154,35.31608,33.92498,270,270,'NULL','2017-02-18 08:21:07'),(1978,3,0,144,12.81492,37.24163,127,127,'NULL','2017-02-18 08:21:09'),(1979,3,0,144,12.81975,37.23871,127,127,'NULL','2017-02-18 08:22:21'),(1980,3,0,144,12.82426,37.23602,126,127,'NULL','2017-02-18 08:23:27'),(1981,2,0,155,35.30374,33.92512,270,270,'NULL','2017-02-18 08:23:30'),(1982,3,0,145,12.82914,37.23314,126,127,'NULL','2017-02-18 08:24:39'),(1983,3,0,145,12.83397,37.23032,126,127,'NULL','2017-02-18 08:25:51'),(1984,3,0,144,12.83891,37.22741,126,127,'NULL','2017-02-18 08:27:03'),(1985,3,0,144,12.84410,37.22432,126,127,'NULL','2017-02-18 08:28:20'),(1986,3,0,144,12.84894,37.22142,126,127,'NULL','2017-02-18 08:29:33'),(1987,3,0,144,12.85337,37.21878,126,127,'NULL','2017-02-18 08:30:39'),(1988,3,0,144,12.85780,37.21615,126,127,'NULL','2017-02-18 08:31:45'),(1989,3,0,143,12.86224,37.21353,126,127,'NULL','2017-02-18 08:32:51'),(1990,3,0,143,12.86667,37.21093,126,126,'NULL','2017-02-18 08:33:57'),(1991,3,0,143,12.87112,37.20834,125,127,'NULL','2017-02-18 08:35:03'),(1992,3,0,143,12.87598,37.20553,125,126,'NULL','2017-02-18 08:36:15'),(1993,2,0,156,35.23780,33.93159,283,284,'NULL','2017-02-18 08:36:18'),(1994,3,0,143,12.88047,37.20297,125,126,'NULL','2017-02-18 08:37:21'),(1995,3,0,144,12.88503,37.20038,125,126,'NULL','2017-02-18 08:38:28'),(1996,3,0,144,12.88956,37.19782,125,126,'NULL','2017-02-18 08:39:33'),(1997,3,0,144,12.89441,37.19505,125,126,'NULL','2017-02-18 08:40:45'),(1998,2,0,154,35.21207,33.93685,284,283,'NULL','2017-02-18 08:41:25'),(1999,3,0,144,12.89941,37.19220,125,126,'NULL','2017-02-18 08:41:57'),(2000,3,0,145,12.90428,37.18943,125,126,'NULL','2017-02-18 08:43:09'),(2001,3,0,144,12.90888,37.18682,125,126,'NULL','2017-02-18 08:44:15'),(2002,3,0,144,12.91341,37.18427,125,126,'NULL','2017-02-18 08:45:21'),(2003,3,0,143,12.91833,37.18150,125,127,'NULL','2017-02-18 08:46:33'),(2004,3,0,143,12.92319,37.17869,125,127,'NULL','2017-02-18 08:47:45'),(2005,3,0,143,12.92836,37.17566,126,127,'NULL','2017-02-18 08:49:03'),(2006,2,0,154,35.16958,33.94626,285,284,'NULL','2017-02-18 08:49:55'),(2007,3,0,143,12.93277,37.17303,126,127,'NULL','2017-02-18 08:50:09'),(2008,3,0,143,12.93725,37.17036,126,127,'NULL','2017-02-18 08:51:15'),(2009,3,0,144,12.94206,37.16747,126,127,'NULL','2017-02-18 08:52:27'),(2010,3,0,144,12.94687,37.16457,127,127,'NULL','2017-02-18 08:53:39'),(2011,2,0,155,35.15071,33.95067,285,283,'NULL','2017-02-18 08:53:42'),(2012,3,0,143,12.95158,37.16169,127,127,'NULL','2017-02-18 08:54:51'),(2013,3,0,143,12.95674,37.15854,127,127,'NULL','2017-02-18 08:56:09'),(2014,2,0,155,35.13315,33.95473,285,284,'NULL','2017-02-18 08:57:13'),(2015,3,0,143,12.96228,37.15511,127,127,'NULL','2017-02-18 08:57:32'),(2016,3,0,143,12.96711,37.15214,127,127,'NULL','2017-02-18 08:58:45'),(2017,3,0,144,12.97147,37.14945,127,127,'NULL','2017-02-18 08:59:51'),(2018,2,0,156,35.11029,33.96025,286,283,'NULL','2017-02-18 09:01:48'),(2019,3,0,144,12.97657,37.14632,127,127,'NULL','2017-02-18 09:02:23'),(2020,2,0,156,35.10371,33.96177,286,284,'NULL','2017-02-18 09:03:06'),(2021,3,0,144,12.98610,37.14042,127,126,'NULL','2017-02-18 09:03:32'),(2022,2,0,154,35.09681,33.96346,286,283,'NULL','2017-02-18 09:04:30'),(2023,3,0,144,12.99053,37.13765,127,126,'NULL','2017-02-18 09:04:39'),(2024,2,0,155,35.09077,33.96493,286,284,'NULL','2017-02-18 09:05:42'),(2025,3,0,144,12.99529,37.13467,127,126,'NULL','2017-02-18 09:05:51'),(2026,3,0,145,13.00006,37.13169,128,127,'NULL','2017-02-18 09:07:03'),(2027,3,0,145,13.00477,37.12873,128,126,'NULL','2017-02-18 09:08:15'),(2028,2,0,155,35.07794,33.96809,286,284,'NULL','2017-02-18 09:08:18'),(2029,3,0,145,13.00958,37.12578,127,126,'NULL','2017-02-18 09:09:27'),(2030,2,0,155,35.07093,33.96985,286,284,'NULL','2017-02-18 09:09:42'),(2031,3,0,145,13.01441,37.12286,127,126,'NULL','2017-02-18 09:10:39'),(2032,2,0,155,35.06307,33.97185,287,284,'NULL','2017-02-18 09:11:18'),(2033,3,0,145,13.01963,37.11967,127,126,'NULL','2017-02-18 09:11:57'),(2034,3,0,145,13.02407,37.11699,126,126,'NULL','2017-02-18 09:13:03'),(2035,3,0,145,13.02934,37.11384,126,126,'NULL','2017-02-18 09:14:21'),(2036,2,0,156,35.04562,33.97631,286,283,'NULL','2017-02-18 09:14:49'),(2037,3,0,145,13.03380,37.11118,126,126,'NULL','2017-02-18 09:15:26'),(2038,3,0,145,13.03829,37.10854,126,126,'NULL','2017-02-18 09:16:33'),(2039,3,0,145,13.04290,37.10593,124,125,'NULL','2017-02-18 09:17:39'),(2040,3,0,145,13.04787,37.10326,123,125,'NULL','2017-02-18 09:18:51'),(2041,3,0,145,13.05292,37.10059,123,125,'NULL','2017-02-18 09:20:03'),(2042,3,0,144,13.05798,37.09782,124,125,'NULL','2017-02-18 09:21:15'),(2043,3,0,144,13.06254,37.09531,124,125,'NULL','2017-02-18 09:22:21'),(2044,2,0,153,35.00492,33.98629,286,283,'NULL','2017-02-18 09:23:00'),(2045,3,0,144,13.06787,37.09241,124,125,'NULL','2017-02-18 09:23:39'),(2046,3,0,144,13.07251,37.08989,123,125,'NULL','2017-02-18 09:24:46'),(2047,3,0,144,13.07743,37.08722,124,125,'NULL','2017-02-18 09:25:57'),(2048,2,0,152,34.98973,33.99000,286,283,'NULL','2017-02-18 09:26:06'),(2049,3,0,144,13.08210,37.08471,123,125,'NULL','2017-02-18 09:27:03'),(2050,3,0,144,13.08707,37.08208,123,125,'NULL','2017-02-18 09:28:15'),(2051,3,0,145,13.09175,37.07958,123,125,'NULL','2017-02-18 09:29:21'),(2052,3,0,145,13.09671,37.07691,123,125,'NULL','2017-02-18 09:30:33'),(2053,3,0,145,13.10173,37.07418,124,125,'NULL','2017-02-18 09:31:44'),(2054,3,0,145,13.10634,37.07169,124,125,'NULL','2017-02-18 09:32:51'),(2055,3,0,145,13.11100,37.06914,124,125,'NULL','2017-02-18 09:33:57'),(2056,3,0,145,13.11596,37.06647,123,125,'NULL','2017-02-18 09:35:08'),(2057,2,0,149,34.94590,34.00091,286,283,'NULL','2017-02-18 09:35:13'),(2058,3,0,145,13.12016,37.06423,123,125,'NULL','2017-02-18 09:36:09'),(2059,3,0,145,13.12479,37.06177,123,125,'NULL','2017-02-18 09:37:15'),(2060,3,0,145,13.12947,37.05927,123,125,'NULL','2017-02-18 09:38:21'),(2061,3,0,145,13.13411,37.05682,123,125,'NULL','2017-02-18 09:39:27'),(2062,3,0,145,13.13908,37.05416,123,125,'NULL','2017-02-18 09:40:39'),(2063,3,0,145,13.14368,37.05168,123,125,'NULL','2017-02-18 09:41:44'),(2064,3,0,145,13.14873,37.04900,123,125,'NULL','2017-02-18 09:42:57'),(2065,3,0,145,13.15342,37.04649,123,127,'NULL','2017-02-18 09:44:03'),(2066,3,0,145,13.15829,37.04370,125,127,'NULL','2017-02-18 09:45:15'),(2067,3,0,145,13.16282,37.04103,126,127,'NULL','2017-02-18 09:46:21'),(2068,3,0,145,13.16763,37.03820,126,127,'NULL','2017-02-18 09:47:33'),(2069,3,0,144,13.17215,37.03551,126,127,'NULL','2017-02-18 09:48:39'),(2070,3,0,144,13.17692,37.03267,126,127,'NULL','2017-02-18 09:49:51'),(2071,3,0,144,13.18141,37.02999,126,127,'NULL','2017-02-18 09:50:57'),(2072,3,0,144,13.18657,37.02689,126,127,'NULL','2017-02-18 09:52:15'),(2073,2,0,153,34.85983,34.01993,284,283,'NULL','2017-02-18 09:52:48'),(2074,3,0,144,13.19140,37.02401,126,127,'NULL','2017-02-18 09:53:27'),(2075,2,0,153,34.85338,34.02129,284,282,'NULL','2017-02-18 09:54:06'),(2076,3,0,144,13.19589,37.02131,126,127,'NULL','2017-02-18 09:54:33'),(2077,3,0,144,13.20032,37.01866,126,127,'NULL','2017-02-18 09:55:39'),(2078,3,0,144,13.20508,37.01580,126,127,'NULL','2017-02-18 09:56:51'),(2079,3,0,144,13.20949,37.01313,127,127,'NULL','2017-02-18 09:57:57'),(2080,2,0,153,34.82952,34.02617,283,283,'NULL','2017-02-18 09:58:54'),(2081,3,0,144,13.21391,37.01046,126,127,'NULL','2017-02-18 09:59:03'),(2082,3,0,144,13.21833,37.00780,126,127,'NULL','2017-02-18 10:00:09'),(2083,2,0,153,34.82262,34.02753,283,282,'NULL','2017-02-18 10:00:18'),(2084,3,0,144,13.22274,37.00512,127,127,'NULL','2017-02-18 10:01:15'),(2085,2,0,153,34.81605,34.02885,283,283,'NULL','2017-02-18 10:01:37'),(2086,3,0,144,13.22753,37.00219,127,127,'NULL','2017-02-18 10:02:27'),(2087,3,0,144,13.23192,36.99949,127,127,'NULL','2017-02-18 10:03:32'),(2088,3,0,144,13.23630,36.99678,127,127,'NULL','2017-02-18 10:04:39'),(2089,2,0,154,34.79810,34.03244,283,283,'NULL','2017-02-18 10:05:12'),(2090,3,0,145,13.24067,36.99405,127,127,'NULL','2017-02-18 10:05:45'),(2091,3,0,144,13.24507,36.99136,127,127,'NULL','2017-02-18 10:06:51'),(2092,3,0,145,13.25027,36.98818,127,127,'NULL','2017-02-18 10:08:09'),(2093,3,0,144,13.25506,36.98523,126,125,'NULL','2017-02-18 10:09:21'),(2094,3,0,144,13.25962,36.98259,125,125,'NULL','2017-02-18 10:10:27'),(2095,2,0,157,34.77177,34.03787,283,283,'NULL','2017-02-18 10:10:24'),(2096,3,0,144,13.26447,36.97983,125,125,'NULL','2017-02-18 10:11:39'),(2097,3,0,145,13.26941,36.97705,124,124,'NULL','2017-02-18 10:12:51'),(2098,3,0,145,13.27401,36.97454,124,125,'NULL','2017-02-18 10:13:57'),(2099,3,0,145,13.27903,36.97180,123,126,'NULL','2017-02-18 10:15:09'),(2100,2,0,156,34.74329,34.04368,283,283,'NULL','2017-02-18 10:16:00'),(2101,3,0,146,13.28317,36.96946,125,127,'NULL','2017-02-18 10:16:09'),(2102,3,0,146,13.28767,36.96681,126,128,'NULL','2017-02-18 10:17:15'),(2103,3,0,145,13.29218,36.96408,127,128,'NULL','2017-02-18 10:18:21'),(2104,3,0,145,13.29696,36.96120,126,127,'NULL','2017-02-18 10:19:33'),(2105,3,0,145,13.30190,36.95827,126,127,'NULL','2017-02-18 10:20:45'),(2106,3,0,145,13.30634,36.95561,126,127,'NULL','2017-02-18 10:21:51'),(2107,2,0,155,34.70937,34.05059,284,283,'NULL','2017-02-18 10:22:43'),(2108,3,0,144,13.31150,36.95248,127,127,'NULL','2017-02-18 10:23:09'),(2109,3,0,144,13.31631,36.94956,126,127,'NULL','2017-02-18 10:24:21'),(2110,3,0,144,13.32121,36.94663,126,126,'NULL','2017-02-18 10:25:33'),(2111,3,0,144,13.32558,36.94405,126,127,'NULL','2017-02-18 10:26:39'),(2112,3,0,144,13.33050,36.94115,126,127,'NULL','2017-02-18 10:27:51'),(2113,3,0,145,13.33495,36.93851,126,127,'NULL','2017-02-18 10:28:57'),(2114,2,0,156,34.67424,34.05801,287,285,'NULL','2017-02-18 10:29:42'),(2115,3,0,146,13.33977,36.93566,126,127,'NULL','2017-02-18 10:30:09'),(2116,3,0,146,13.34425,36.93299,126,127,'NULL','2017-02-18 10:31:15'),(2117,3,0,147,13.34882,36.93025,126,127,'NULL','2017-02-18 10:32:21'),(2118,3,0,147,13.35335,36.92758,126,127,'NULL','2017-02-18 10:33:27'),(2119,3,0,147,13.35825,36.92471,126,127,'NULL','2017-02-18 10:34:38'),(2120,3,0,147,13.36327,36.92176,126,127,'NULL','2017-02-18 10:35:51'),(2121,3,0,147,13.36775,36.91913,126,127,'NULL','2017-02-18 10:36:57'),(2122,3,0,147,13.37268,36.91623,126,127,'NULL','2017-02-18 10:38:09'),(2123,3,0,146,13.37722,36.91360,125,127,'NULL','2017-02-18 10:39:15'),(2124,2,0,156,34.62129,34.07066,285,284,'NULL','2017-02-18 10:40:19'),(2125,3,0,146,13.38216,36.91073,126,127,'NULL','2017-02-18 10:40:26'),(2126,3,0,146,13.38667,36.90809,126,127,'NULL','2017-02-18 10:41:33'),(2127,3,0,146,13.39157,36.90519,126,127,'NULL','2017-02-18 10:42:45'),(2128,3,0,145,13.39646,36.90231,126,127,'NULL','2017-02-18 10:43:57'),(2129,3,0,145,13.40136,36.89944,126,127,'NULL','2017-02-18 10:45:09'),(2130,3,0,145,13.40584,36.89680,126,127,'NULL','2017-02-18 10:46:15'),(2131,3,0,145,13.41037,36.89411,126,127,'NULL','2017-02-18 10:47:21'),(2132,3,0,145,13.41515,36.89124,126,127,'NULL','2017-02-18 10:48:33'),(2133,3,0,145,13.41968,36.88855,126,127,'NULL','2017-02-18 10:49:39'),(2134,3,0,145,13.42530,36.88524,126,127,'NULL','2017-02-18 10:51:03'),(2135,3,0,145,13.42978,36.88261,126,127,'NULL','2017-02-18 10:52:09'),(2136,2,0,156,34.56112,34.08271,283,284,'NULL','2017-02-18 10:52:13'),(2137,3,0,145,13.43504,36.87946,126,127,'NULL','2017-02-18 10:53:27'),(2138,3,0,145,13.44032,36.87634,126,127,'NULL','2017-02-18 10:54:45'),(2139,2,0,156,34.54691,34.08554,283,283,'NULL','2017-02-18 10:55:01'),(2140,3,0,145,13.44478,36.87366,126,127,'NULL','2017-02-18 10:55:51'),(2141,3,0,145,13.44929,36.87095,126,127,'NULL','2017-02-18 10:56:57'),(2142,2,0,156,34.53273,34.08835,283,284,'NULL','2017-02-18 10:57:48'),(2143,3,0,146,13.45409,36.86808,126,126,'NULL','2017-02-18 10:58:09'),(2144,2,0,156,34.52521,34.08987,283,283,'NULL','2017-02-18 10:59:18'),(2145,3,0,146,13.45901,36.86521,126,127,'NULL','2017-02-18 10:59:20'),(2146,3,0,146,13.46352,36.86254,126,127,'NULL','2017-02-18 11:00:26'),(2147,3,0,147,13.46799,36.85981,127,127,'NULL','2017-02-18 11:01:33'),(2148,3,0,147,13.47255,36.85708,126,127,'NULL','2017-02-18 11:02:39'),(2149,3,0,147,13.47663,36.85464,126,127,'NULL','2017-02-18 11:03:39'),(2150,3,0,147,13.48187,36.85150,126,127,'NULL','2017-02-18 11:04:57'),(2151,3,0,147,13.48716,36.84828,127,127,'NULL','2017-02-18 11:06:15'),(2152,3,0,147,13.49246,36.84509,126,127,'NULL','2017-02-18 11:07:33'),(2153,3,0,147,13.49737,36.84213,126,127,'NULL','2017-02-18 11:08:45'),(2154,3,0,148,13.50147,36.83966,126,127,'NULL','2017-02-18 11:09:45'),(2155,3,0,148,13.50638,36.83667,127,127,'NULL','2017-02-18 11:10:56'),(2156,3,0,148,13.51088,36.83392,127,127,'NULL','2017-02-18 11:12:03'),(2157,3,0,148,13.51539,36.83117,127,127,'NULL','2017-02-18 11:13:08'),(2158,3,0,149,13.51999,36.82838,127,127,'NULL','2017-02-18 11:14:16'),(2159,3,0,149,13.52533,36.82510,127,127,'NULL','2017-02-18 11:15:33'),(2160,3,0,149,13.53019,36.82210,127,127,'NULL','2017-02-18 11:16:45'),(2161,3,0,149,13.53479,36.81928,127,126,'NULL','2017-02-18 11:17:51'),(2162,2,0,157,34.42752,34.10982,284,283,'NULL','2017-02-18 11:18:29'),(2163,3,0,149,13.54016,36.81601,127,127,'NULL','2017-02-18 11:19:09'),(2164,3,0,150,13.54509,36.81291,127,127,'NULL','2017-02-18 11:20:21'),(2165,2,0,158,34.41670,34.11205,284,284,'NULL','2017-02-18 11:20:37'),(2166,3,0,150,13.54997,36.80989,127,127,'NULL','2017-02-18 11:21:33'),(2167,3,0,150,13.55501,36.80679,127,127,'NULL','2017-02-18 11:22:45'),(2168,3,0,151,13.55950,36.80401,127,127,'NULL','2017-02-18 11:23:51'),(2169,3,0,151,13.56453,36.80086,127,127,'NULL','2017-02-18 11:25:03'),(2170,3,0,151,13.56984,36.79751,128,127,'NULL','2017-02-18 11:26:21'),(2171,3,0,151,13.57523,36.79413,127,127,'NULL','2017-02-18 11:27:39'),(2172,3,0,152,13.57981,36.79128,127,127,'NULL','2017-02-18 11:28:44'),(2173,3,0,152,13.58441,36.78841,127,127,'NULL','2017-02-18 11:29:51'),(2174,2,0,158,34.36440,34.12329,284,284,'NULL','2017-02-18 11:30:48'),(2175,3,0,153,13.58941,36.78526,128,127,'NULL','2017-02-18 11:31:03'),(2176,2,0,158,34.35764,34.12473,284,284,'NULL','2017-02-18 11:32:07'),(2177,3,0,153,13.59447,36.78205,128,127,'NULL','2017-02-18 11:32:15'),(2178,2,0,158,34.35097,34.12616,284,284,'NULL','2017-02-18 11:33:24'),(2179,3,0,153,13.59950,36.77890,128,127,'NULL','2017-02-18 11:33:27'),(2180,3,0,153,13.60491,36.77559,126,123,'NULL','2017-02-18 11:34:45'),(2181,3,0,153,13.61066,36.77240,124,123,'NULL','2017-02-18 11:36:03'),(2182,3,0,153,13.61549,36.76975,124,123,'NULL','2017-02-18 11:37:09'),(2183,3,0,153,13.61990,36.76733,124,123,'NULL','2017-02-18 11:38:09'),(2184,3,0,153,13.62729,36.76327,124,123,'NULL','2017-02-18 11:39:51'),(2185,3,0,154,13.63262,36.76031,124,123,'NULL','2017-02-18 11:41:04'),(2186,2,0,156,34.29739,34.13762,284,284,'NULL','2017-02-18 11:43:54'),(2187,3,0,154,13.64764,36.75209,124,123,'NULL','2017-02-18 11:44:28'),(2188,3,0,154,13.65252,36.74942,124,123,'NULL','2017-02-18 11:45:34'),(2189,2,0,155,34.28573,34.14014,284,284,'NULL','2017-02-18 11:46:13'),(2190,3,0,154,13.65829,36.74629,124,123,'NULL','2017-02-18 11:46:51'),(2191,3,0,153,13.66352,36.74346,123,123,'NULL','2017-02-18 11:48:03'),(2192,3,0,152,13.66844,36.74084,123,123,'NULL','2017-02-18 11:49:10'),(2193,3,0,151,13.67408,36.73776,124,123,'NULL','2017-02-18 11:50:28'),(2194,3,0,150,13.68010,36.73442,124,123,'NULL','2017-02-18 11:51:52'),(2195,3,0,150,13.68438,36.73204,124,122,'NULL','2017-02-18 11:52:51'),(2196,3,0,149,13.69085,36.72869,121,119,'NULL','2017-02-18 11:54:21'),(2197,3,0,149,13.69574,36.72637,120,119,'NULL','2017-02-18 11:55:27'),(2198,3,0,149,13.70019,36.72428,120,119,'NULL','2017-02-18 11:56:27'),(2199,3,0,149,13.70650,36.72130,120,119,'NULL','2017-02-18 11:57:51'),(2200,3,0,149,13.71133,36.71903,120,119,'NULL','2017-02-18 11:58:57'),(2201,3,0,149,13.71714,36.71631,120,119,'NULL','2017-02-18 12:00:15'),(2202,2,0,152,34.21555,34.15524,284,283,'NULL','2017-02-18 12:00:19'),(2203,2,0,153,34.21018,34.15640,284,284,'NULL','2017-02-18 12:01:24'),(2204,3,0,149,13.72258,36.71375,120,119,'NULL','2017-02-18 12:01:28'),(2205,2,0,153,34.20416,34.15770,284,284,'NULL','2017-02-18 12:02:37'),(2206,3,0,149,13.72922,36.71063,120,119,'NULL','2017-02-18 12:02:57'),(2207,3,0,149,13.73505,36.70794,119,119,'NULL','2017-02-18 12:04:15'),(2208,2,0,153,34.19224,34.16027,284,283,'NULL','2017-02-18 12:05:00'),(2209,3,0,149,13.74005,36.70561,120,119,'NULL','2017-02-18 12:05:22'),(2210,3,0,149,13.74710,36.70225,121,121,'NULL','2017-02-18 12:06:57'),(2211,3,0,150,13.75198,36.69986,121,122,'NULL','2017-02-18 12:08:03'),(2212,3,0,150,13.75774,36.69699,121,122,'NULL','2017-02-18 12:09:21'),(2213,2,0,154,34.16838,34.16550,284,283,'NULL','2017-02-18 12:09:48'),(2214,3,0,151,13.76489,36.69347,121,122,'NULL','2017-02-18 12:10:57'),(2215,3,0,152,13.76992,36.69100,121,122,'NULL','2017-02-18 12:12:03'),(2216,2,0,155,34.15676,34.16805,284,283,'NULL','2017-02-18 12:12:06'),(2217,3,0,153,13.77446,36.68880,121,122,'NULL','2017-02-18 12:13:03'),(2218,2,0,155,34.15126,34.16928,285,284,'NULL','2017-02-18 12:13:13'),(2219,3,0,153,13.78217,36.68502,121,123,'NULL','2017-02-18 12:14:46'),(2220,3,0,154,13.78852,36.68189,120,123,'NULL','2017-02-18 12:16:10'),(2221,2,0,154,34.13618,34.17259,283,282,'NULL','2017-02-18 12:16:12'),(2222,3,0,154,13.79976,36.67540,127,129,'NULL','2017-02-18 12:18:46'),(2223,2,0,155,34.12309,34.17530,283,283,'NULL','2017-02-18 12:18:49'),(2224,2,0,155,34.11656,34.17665,284,283,'NULL','2017-02-18 12:20:07'),(2225,3,0,154,13.80560,36.67166,128,129,'NULL','2017-02-18 12:20:10'),(2226,2,0,155,34.10999,34.17800,283,283,'NULL','2017-02-18 12:21:24'),(2227,3,0,154,13.81140,36.66799,127,131,'NULL','2017-02-18 12:21:33'),(2228,2,0,155,34.10402,34.17921,283,283,'NULL','2017-02-18 12:22:36'),(2229,3,0,154,13.81639,36.66467,129,131,'NULL','2017-02-18 12:22:46'),(2230,3,0,154,13.82076,36.66164,131,135,'NULL','2017-02-18 12:23:51'),(2231,3,0,153,13.82622,36.65745,133,135,'NULL','2017-02-18 12:25:16'),(2232,2,0,155,34.08679,34.18277,283,282,'NULL','2017-02-18 12:26:01'),(2233,3,0,153,13.83383,36.65149,134,135,'NULL','2017-02-18 12:27:16'),(2234,2,0,155,34.07417,34.18541,284,283,'NULL','2017-02-18 12:28:31'),(2235,3,0,153,13.84031,36.64646,134,135,'NULL','2017-02-18 12:28:58'),(2236,3,0,152,13.84932,36.63935,134,135,'NULL','2017-02-18 12:31:21'),(2237,3,0,152,13.85575,36.63434,133,139,'NULL','2017-02-18 12:33:03'),(2238,3,0,151,13.86500,36.62561,141,143,'NULL','2017-02-18 12:35:46'),(2239,2,0,154,34.03236,34.19682,288,287,'NULL','2017-02-18 12:37:00'),(2240,3,0,151,13.86887,36.62163,142,143,'NULL','2017-02-18 12:36:58'),(2241,3,0,151,13.87271,36.61763,142,143,'NULL','2017-02-18 12:38:10'),(2242,3,0,151,13.87622,36.61397,142,143,'NULL','2017-02-18 12:39:16'),(2243,3,0,150,13.88159,36.60828,142,143,'NULL','2017-02-18 12:40:58'),(2244,2,0,156,34.00867,34.20322,287,288,'NULL','2017-02-18 12:41:49'),(2245,3,0,150,13.88570,36.60394,142,143,'NULL','2017-02-18 12:42:16'),(2246,3,0,151,13.89376,36.59524,144,145,'NULL','2017-02-18 12:44:51'),(2247,2,0,158,33.99206,34.20757,287,287,'NULL','2017-02-18 12:45:06'),(2248,3,0,151,13.89850,36.58961,146,146,'NULL','2017-02-18 12:46:28'),(2249,3,0,151,13.90219,36.58510,146,146,'NULL','2017-02-18 12:47:45'),(2250,3,0,151,13.90627,36.58010,146,146,'NULL','2017-02-18 12:49:10'),(2251,3,0,151,13.90965,36.57592,146,146,'NULL','2017-02-18 12:50:21'),(2252,3,0,151,13.91284,36.57198,146,146,'NULL','2017-02-18 12:51:28'),(2253,3,0,151,13.91681,36.56711,146,146,'NULL','2017-02-18 12:52:51'),(2254,3,0,151,13.91999,36.56326,146,146,'NULL','2017-02-18 12:53:57'),(2255,2,0,159,33.94415,34.21949,287,288,'NULL','2017-02-18 12:54:30'),(2256,3,0,148,13.94686,36.53144,142,140,'NULL','2017-02-18 13:03:10'),(2257,3,0,150,13.92291,36.55978,145,145,'NULL','2017-02-18 12:54:57'),(2258,3,0,150,13.92587,36.55633,145,146,'NULL','2017-02-18 12:55:57'),(2259,3,0,150,13.92914,36.55245,145,146,'NULL','2017-02-18 12:57:04'),(2260,2,0,159,33.92735,34.22382,287,288,'NULL','2017-02-18 12:57:48'),(2261,3,0,150,13.93284,36.54799,146,146,'NULL','2017-02-18 12:58:21'),(2262,3,0,150,13.93658,36.54347,146,146,'NULL','2017-02-18 12:59:39'),(2263,2,0,159,33.91568,34.22688,287,288,'NULL','2017-02-18 13:00:06'),(2264,3,0,149,13.94034,36.53897,146,146,'NULL','2017-02-18 13:00:57'),(2265,3,0,149,13.94349,36.53508,147,142,'NULL','2017-02-18 13:02:04'),(2266,3,0,147,13.95442,36.52488,132,130,'NULL','2017-02-18 13:05:21'),(2267,3,0,147,13.95043,36.52794,139,132,'NULL','2017-02-18 13:04:16'),(2268,2,0,158,33.89341,34.23278,286,287,'NULL','2017-02-18 13:04:31'),(2269,2,0,158,33.88831,34.23403,286,288,'NULL','2017-02-18 13:05:31'),(2270,3,0,147,13.95864,36.52193,130,128,'NULL','2017-02-18 13:06:27'),(2271,3,0,147,13.96350,36.51886,127,126,'NULL','2017-02-18 13:07:40'),(2272,3,0,147,13.96794,36.51625,126,126,'NULL','2017-02-18 13:08:45'),(2273,3,0,147,13.97246,36.51362,125,126,'NULL','2017-02-18 13:09:51'),(2274,3,0,146,13.97659,36.51126,125,126,'NULL','2017-02-18 13:10:51'),(2275,2,0,157,33.85893,34.24127,286,288,'NULL','2017-02-18 13:11:18'),(2276,3,0,146,13.98108,36.50861,126,126,'NULL','2017-02-18 13:11:57'),(2277,3,0,146,13.98515,36.50621,126,126,'NULL','2017-02-18 13:12:57'),(2278,3,0,145,13.99047,36.50301,126,126,'NULL','2017-02-18 13:14:16'),(2279,2,0,156,33.84230,34.24520,285,288,'NULL','2017-02-18 13:14:36'),(2280,3,0,145,13.99530,36.50009,126,126,'NULL','2017-02-18 13:15:28'),(2281,3,0,145,13.99964,36.49743,127,126,'NULL','2017-02-18 13:16:33'),(2282,3,0,145,14.00482,36.49424,127,126,'NULL','2017-02-18 13:17:52'),(2283,2,0,157,33.82563,34.24918,286,288,'NULL','2017-02-18 13:17:55'),(2284,3,0,145,14.00967,36.49125,127,126,'NULL','2017-02-18 13:19:04'),(2285,2,0,158,33.81955,34.25066,286,288,'NULL','2017-02-18 13:19:07'),(2286,3,0,145,14.01478,36.48809,127,126,'NULL','2017-02-18 13:20:22'),(2287,2,0,158,33.80797,34.25352,286,288,'NULL','2017-02-18 13:21:24'),(2288,3,0,145,14.01958,36.48517,127,126,'NULL','2017-02-18 13:21:33'),(2289,3,0,145,14.02357,36.48273,126,126,'NULL','2017-02-18 13:22:33'),(2290,3,0,145,14.02756,36.48028,127,126,'NULL','2017-02-18 13:23:33'),(2291,3,0,144,14.03154,36.47785,127,126,'NULL','2017-02-18 13:24:33'),(2292,3,0,144,14.03553,36.47542,126,127,'NULL','2017-02-18 13:25:33'),(2293,3,0,144,14.03986,36.47260,129,132,'NULL','2017-02-18 13:26:40'),(2294,2,0,158,33.77885,34.26075,286,288,'NULL','2017-02-18 13:27:06'),(2295,3,0,144,14.04428,36.46932,133,132,'NULL','2017-02-18 13:27:52'),(2296,3,0,144,14.04827,36.46626,133,132,'NULL','2017-02-18 13:28:58'),(2297,2,0,159,33.76765,34.26360,287,288,'NULL','2017-02-18 13:29:18'),(2298,3,0,144,14.05188,36.46348,133,132,'NULL','2017-02-18 13:29:58'),(2299,3,0,144,14.05554,36.46073,132,132,'NULL','2017-02-18 13:30:58'),(2300,2,0,159,33.75654,34.26646,287,287,'NULL','2017-02-18 13:31:30'),(2301,3,0,144,14.05921,36.45801,132,132,'NULL','2017-02-18 13:31:58'),(2302,2,0,159,33.75087,34.26791,287,288,'NULL','2017-02-18 13:32:36'),(2303,3,0,144,14.06285,36.45527,132,132,'NULL','2017-02-18 13:32:58'),(2304,3,0,144,14.06648,36.45253,133,132,'NULL','2017-02-18 13:33:58'),(2305,3,0,143,14.07011,36.44979,132,132,'NULL','2017-02-18 13:34:58'),(2306,2,0,158,33.73412,34.27217,286,288,'NULL','2017-02-18 13:35:55'),(2307,3,0,143,14.07374,36.44707,132,132,'NULL','2017-02-18 13:35:58'),(2308,3,0,143,14.07741,36.44438,132,132,'NULL','2017-02-18 13:36:58'),(2309,3,0,143,14.08107,36.44169,132,131,'NULL','2017-02-18 13:37:58'),(2310,3,0,143,14.08475,36.43904,131,127,'NULL','2017-02-18 13:38:58'),(2311,3,0,142,14.08867,36.43664,125,121,'NULL','2017-02-18 13:39:58'),(2312,2,0,158,33.71189,34.27783,287,287,'NULL','2017-02-18 13:40:18'),(2313,3,0,143,14.09286,36.43456,121,120,'NULL','2017-02-18 13:40:58'),(2314,3,0,143,14.09716,36.43261,118,117,'NULL','2017-02-18 13:41:58'),(2315,3,0,143,14.10159,36.43083,116,116,'NULL','2017-02-18 13:42:58'),(2316,3,0,144,14.10646,36.42896,115,116,'NULL','2017-02-18 13:44:03'),(2317,3,0,144,14.11096,36.42724,115,116,'NULL','2017-02-18 13:45:03'),(2318,2,0,152,33.68379,34.28486,286,288,'NULL','2017-02-18 13:45:55'),(2319,3,0,144,14.11547,36.42554,114,116,'NULL','2017-02-18 13:46:03'),(2320,3,0,144,14.11998,36.42381,115,116,'NULL','2017-02-18 13:47:03'),(2321,3,0,144,14.12449,36.42207,115,116,'NULL','2017-02-18 13:48:03'),(2322,3,0,145,14.12899,36.42033,115,116,'NULL','2017-02-18 13:49:03'),(2323,3,0,145,14.13350,36.41858,115,116,'NULL','2017-02-18 13:50:03'),(2324,3,0,145,14.13801,36.41684,115,116,'NULL','2017-02-18 13:51:03'),(2325,2,0,151,33.65570,34.29212,287,287,'NULL','2017-02-18 13:51:43'),(2326,3,0,145,14.14252,36.41508,115,116,'NULL','2017-02-18 13:52:03'),(2327,3,0,145,14.14704,36.41332,115,116,'NULL','2017-02-18 13:53:03'),(2328,3,0,141,14.43487,36.32011,92,93,'NULL','2017-02-18 14:56:21'),(2329,3,0,145,14.15165,36.41155,115,117,'NULL','2017-02-18 13:54:04'),(2330,2,0,152,33.64407,34.29525,288,287,'NULL','2017-02-18 13:54:07'),(2331,3,0,146,14.15617,36.40979,115,116,'NULL','2017-02-18 13:55:04'),(2332,3,0,146,14.16116,36.40787,115,116,'NULL','2017-02-18 13:56:10'),(2333,3,0,146,14.16571,36.40613,115,116,'NULL','2017-02-18 13:57:10'),(2334,3,0,146,14.17117,36.40403,115,116,'NULL','2017-02-18 13:58:22'),(2335,3,0,146,14.17569,36.40227,115,116,'NULL','2017-02-18 13:59:22'),(2336,2,0,154,33.61781,34.30262,288,287,'NULL','2017-02-18 13:59:30'),(2337,3,0,145,14.18021,36.40050,115,116,'NULL','2017-02-18 14:00:22'),(2338,2,0,155,33.61288,34.30401,288,288,'NULL','2017-02-18 14:00:30'),(2339,3,0,145,14.18474,36.39875,115,116,'NULL','2017-02-18 14:01:22'),(2340,2,0,155,33.60738,34.30558,288,287,'NULL','2017-02-18 14:01:36'),(2341,3,0,145,14.18926,36.39700,115,116,'NULL','2017-02-18 14:02:22'),(2342,2,0,156,33.60095,34.30737,288,288,'NULL','2017-02-18 14:02:54'),(2343,3,0,145,14.19371,36.39529,115,116,'NULL','2017-02-18 14:03:21'),(2344,3,0,145,14.19877,36.39334,115,116,'NULL','2017-02-18 14:04:28'),(2345,3,0,145,14.20330,36.39160,115,116,'NULL','2017-02-18 14:05:28'),(2346,2,0,153,33.58423,34.31194,288,288,'NULL','2017-02-18 14:06:19'),(2347,3,0,145,14.20781,36.38985,115,116,'NULL','2017-02-18 14:06:28'),(2348,3,0,145,14.21231,36.38806,116,116,'NULL','2017-02-18 14:07:28'),(2349,3,0,145,14.21680,36.38626,116,116,'NULL','2017-02-18 14:08:28'),(2350,3,0,145,14.22130,36.38446,116,116,'NULL','2017-02-18 14:09:28'),(2351,2,0,151,33.56816,34.31618,287,288,'NULL','2017-02-18 14:09:37'),(2352,3,0,145,14.22579,36.38265,116,116,'NULL','2017-02-18 14:10:28'),(2353,2,0,151,33.56284,34.31757,287,288,'NULL','2017-02-18 14:10:42'),(2354,3,0,145,14.23027,36.38083,116,116,'NULL','2017-02-18 14:11:28'),(2355,3,0,146,14.23514,36.37886,116,116,'NULL','2017-02-18 14:12:33'),(2356,3,0,146,14.23963,36.37702,116,116,'NULL','2017-02-18 14:13:33'),(2357,3,0,146,14.24419,36.37513,117,116,'NULL','2017-02-18 14:14:34'),(2358,2,0,148,33.54084,34.32312,286,287,'NULL','2017-02-18 14:15:19'),(2359,3,0,146,14.24866,36.37324,117,116,'NULL','2017-02-18 14:15:34'),(2360,3,0,146,14.25314,36.37137,117,116,'NULL','2017-02-18 14:16:34'),(2361,3,0,146,14.25763,36.36946,117,116,'NULL','2017-02-18 14:17:34'),(2362,3,0,147,14.26211,36.36758,117,116,'NULL','2017-02-18 14:18:34'),(2363,2,0,148,33.52461,34.32700,286,288,'NULL','2017-02-18 14:18:43'),(2364,3,0,147,14.26659,36.36566,117,116,'NULL','2017-02-18 14:19:34'),(2365,2,0,148,33.51934,34.32826,286,288,'NULL','2017-02-18 14:19:49'),(2366,3,0,147,14.27107,36.36374,118,116,'NULL','2017-02-18 14:20:34'),(2367,3,0,147,14.27557,36.36184,117,116,'NULL','2017-02-18 14:21:34'),(2368,3,0,148,14.28045,36.35981,117,116,'NULL','2017-02-18 14:22:39'),(2369,3,0,148,14.28497,36.35791,117,116,'NULL','2017-02-18 14:23:39'),(2370,3,0,147,14.28950,36.35603,117,116,'NULL','2017-02-18 14:24:39'),(2371,2,0,152,33.49258,34.33478,286,288,'NULL','2017-02-18 14:25:18'),(2372,3,0,146,14.29403,36.35419,116,115,'NULL','2017-02-18 14:25:39'),(2373,3,0,145,14.29858,36.35249,114,116,'NULL','2017-02-18 14:26:39'),(2374,3,0,144,14.30362,36.35057,115,116,'NULL','2017-02-18 14:27:46'),(2375,3,0,143,14.30807,36.34881,115,116,'NULL','2017-02-18 14:28:46'),(2376,3,0,143,14.31250,36.34706,116,117,'NULL','2017-02-18 14:29:46'),(2377,3,0,142,14.31691,36.34532,116,117,'NULL','2017-02-18 14:30:46'),(2378,3,0,142,14.32131,36.34356,116,116,'NULL','2017-02-18 14:31:46'),(2379,3,0,142,14.32564,36.34183,116,117,'NULL','2017-02-18 14:32:45'),(2380,3,0,142,14.33092,36.33972,116,116,'NULL','2017-02-18 14:33:57'),(2381,2,0,154,33.44783,34.34598,287,288,'NULL','2017-02-18 14:34:24'),(2382,3,0,142,14.33582,36.33777,116,116,'NULL','2017-02-18 14:35:04'),(2383,3,0,142,14.34196,36.33531,116,116,'NULL','2017-02-18 14:36:28'),(2384,3,0,140,14.34677,36.33344,114,110,'NULL','2017-02-18 14:37:34'),(2385,3,0,140,14.35258,36.33169,109,109,'NULL','2017-02-18 14:38:51'),(2386,3,0,140,14.35723,36.33041,108,109,'NULL','2017-02-18 14:39:52'),(2387,2,0,156,33.41692,34.35387,287,287,'NULL','2017-02-18 14:40:37'),(2388,3,0,140,14.36265,36.32892,108,109,'NULL','2017-02-18 14:41:03'),(2389,3,0,140,14.36767,36.32754,108,109,'NULL','2017-02-18 14:42:09'),(2390,3,0,139,14.37269,36.32616,108,109,'NULL','2017-02-18 14:43:15'),(2391,3,0,139,14.37768,36.32476,109,109,'NULL','2017-02-18 14:44:21'),(2392,2,0,156,33.39791,34.35881,287,288,'NULL','2017-02-18 14:44:25'),(2393,3,0,139,14.38274,36.32331,109,105,'NULL','2017-02-18 14:45:28'),(2394,3,0,138,14.38827,36.32209,103,96,'NULL','2017-02-18 14:46:40'),(2395,3,0,138,14.39600,36.32151,93,93,'NULL','2017-02-18 14:48:18'),(2396,3,0,139,14.40079,36.32136,92,93,'NULL','2017-02-18 14:49:18'),(2397,2,0,157,33.37339,34.36526,288,288,'NULL','2017-02-18 14:49:19'),(2398,3,0,140,14.40720,36.32116,92,93,'NULL','2017-02-18 14:50:38'),(2399,3,0,140,14.41259,36.32097,92,93,'NULL','2017-02-18 14:51:46'),(2400,3,0,140,14.41792,36.32080,92,93,'NULL','2017-02-18 14:52:51'),(2401,3,0,140,14.42372,36.32057,92,93,'NULL','2017-02-18 14:54:04'),(2402,3,0,141,14.42905,36.32035,92,93,'NULL','2017-02-18 14:55:09'),(2403,2,0,158,33.33265,34.37640,288,287,'NULL','2017-02-18 14:57:25'),(2404,3,0,141,14.44030,36.31989,92,93,'NULL','2017-02-18 14:57:28'),(2405,3,0,141,14.44565,36.31968,92,93,'NULL','2017-02-18 14:58:34'),(2406,3,0,141,14.45140,36.31944,93,94,'NULL','2017-02-18 14:59:45'),(2407,3,0,141,14.45724,36.31916,93,93,'NULL','2017-02-18 15:00:58'),(2408,3,0,141,14.46308,36.31891,93,93,'NULL','2017-02-18 15:02:09'),(2409,2,0,159,33.30395,34.38452,288,288,'NULL','2017-02-18 15:03:07'),(2410,3,0,141,14.46852,36.31870,92,93,'NULL','2017-02-18 15:03:16'),(2411,3,0,141,14.47379,36.31848,93,93,'NULL','2017-02-18 15:04:22'),(2412,3,0,141,14.47972,36.31823,92,93,'NULL','2017-02-18 15:05:34'),(2413,2,0,160,33.28574,34.38976,289,288,'NULL','2017-02-18 15:06:43'),(2414,3,0,141,14.48546,36.31798,92,93,'NULL','2017-02-18 15:06:45'),(2415,3,0,141,14.49178,36.31771,93,93,'NULL','2017-02-18 15:08:03'),(2416,3,0,141,14.49712,36.31746,93,93,'NULL','2017-02-18 15:09:10'),(2417,3,0,141,14.50295,36.31723,92,93,'NULL','2017-02-18 15:10:21'),(2418,3,0,141,14.50831,36.31701,93,93,'NULL','2017-02-18 15:11:27'),(2419,3,0,141,14.51316,36.31679,93,93,'NULL','2017-02-18 15:12:27'),(2420,3,0,141,14.51800,36.31656,92,93,'NULL','2017-02-18 15:13:27'),(2421,3,0,141,14.52288,36.31636,92,93,'NULL','2017-02-18 15:14:27'),(2422,2,0,160,33.24498,34.40146,289,288,'NULL','2017-02-18 15:14:43'),(2423,3,0,142,14.52776,36.31615,93,94,'NULL','2017-02-18 15:15:27'),(2424,3,0,142,14.53263,36.31591,93,93,'NULL','2017-02-18 15:16:27'),(2425,3,0,142,14.53752,36.31573,92,93,'NULL','2017-02-18 15:17:27'),(2426,3,0,142,14.54240,36.31555,92,93,'NULL','2017-02-18 15:18:28'),(2427,2,0,162,33.22248,34.40789,289,288,'NULL','2017-02-18 15:19:07'),(2428,3,0,142,14.54727,36.31535,92,93,'NULL','2017-02-18 15:19:28'),(2429,3,0,141,14.55212,36.31517,92,93,'NULL','2017-02-18 15:20:28'),(2430,2,0,162,33.21068,34.41133,289,287,'NULL','2017-02-18 15:21:24'),(2431,3,0,141,14.55699,36.31497,92,93,'NULL','2017-02-18 15:21:28'),(2432,3,0,142,14.56187,36.31479,92,93,'NULL','2017-02-18 15:22:28'),(2433,2,0,162,33.20503,34.41296,289,288,'NULL','2017-02-18 15:22:30'),(2434,3,0,142,14.56733,36.31462,92,93,'NULL','2017-02-18 15:23:34'),(2435,3,0,142,14.57223,36.31447,92,93,'NULL','2017-02-18 15:24:34'),(2436,2,0,162,33.19318,34.41632,289,287,'NULL','2017-02-18 15:24:49'),(2437,3,0,142,14.57712,36.31431,92,93,'NULL','2017-02-18 15:25:34'),(2438,3,0,142,14.58200,36.31414,92,93,'NULL','2017-02-18 15:26:34'),(2439,3,0,142,14.58691,36.31398,92,93,'NULL','2017-02-18 15:27:34'),(2440,3,0,142,14.59221,36.31380,92,93,'NULL','2017-02-18 15:28:39'),(2441,3,0,142,14.59719,36.31359,92,93,'NULL','2017-02-18 15:29:40'),(2442,3,0,142,14.60209,36.31340,92,93,'NULL','2017-02-18 15:30:40'),(2443,3,0,142,14.60700,36.31322,92,93,'NULL','2017-02-18 15:31:40'),(2444,3,0,142,14.61191,36.31307,92,93,'NULL','2017-02-18 15:32:40'),(2445,3,0,143,14.61682,36.31288,92,93,'NULL','2017-02-18 15:33:40'),(2446,3,0,142,14.62214,36.31269,92,93,'NULL','2017-02-18 15:34:45'),(2447,3,0,142,14.62704,36.31251,92,94,'NULL','2017-02-18 15:35:45'),(2448,3,0,142,14.63195,36.31232,92,94,'NULL','2017-02-18 15:36:45'),(2449,2,0,163,33.13018,34.43545,290,287,'NULL','2017-02-18 15:37:06'),(2450,3,0,142,14.63685,36.31213,92,93,'NULL','2017-02-18 15:37:45'),(2451,3,0,143,14.64176,36.31194,92,93,'NULL','2017-02-18 15:38:45'),(2452,2,0,164,33.11890,34.43904,290,288,'NULL','2017-02-18 15:39:18'),(2453,3,0,143,14.64668,36.31175,92,93,'NULL','2017-02-18 15:39:45'),(2454,2,0,164,33.11325,34.44083,290,287,'NULL','2017-02-18 15:40:24'),(2455,3,0,143,14.65159,36.31158,92,93,'NULL','2017-02-18 15:40:45'),(2456,3,0,143,14.65651,36.31139,92,93,'NULL','2017-02-18 15:41:45'),(2457,3,0,143,14.66142,36.31118,92,93,'NULL','2017-02-18 15:42:45'),(2458,3,0,143,14.66634,36.31096,93,93,'NULL','2017-02-18 15:43:45'),(2459,3,0,143,14.67126,36.31076,93,93,'NULL','2017-02-18 15:44:45'),(2460,3,0,143,14.67618,36.31053,93,93,'NULL','2017-02-18 15:45:45'),(2461,3,0,143,14.68111,36.31031,93,93,'NULL','2017-02-18 15:46:45'),(2462,3,0,143,14.68653,36.31007,93,93,'NULL','2017-02-18 15:47:51'),(2463,3,0,143,14.69146,36.30987,93,94,'NULL','2017-02-18 15:48:51'),(2464,2,0,163,33.06668,34.45518,290,288,'NULL','2017-02-18 15:49:25'),(2465,3,0,143,14.69640,36.30962,93,93,'NULL','2017-02-18 15:49:51'),(2466,3,0,143,14.70135,36.30939,93,93,'NULL','2017-02-18 15:50:52'),(2467,3,0,144,14.70630,36.30919,92,93,'NULL','2017-02-18 15:51:52'),(2468,2,0,161,33.04983,34.46026,289,288,'NULL','2017-02-18 15:52:42'),(2469,3,0,144,14.71126,36.30898,93,93,'NULL','2017-02-18 15:52:52'),(2470,3,0,144,14.71623,36.30873,93,93,'NULL','2017-02-18 15:53:52'),(2471,2,0,161,33.04411,34.46193,289,287,'NULL','2017-02-18 15:53:49'),(2472,3,0,144,14.72128,36.30850,93,93,'NULL','2017-02-18 15:54:52'),(2473,2,0,161,33.03861,34.46361,291,291,'NULL','2017-02-18 15:54:54'),(2474,3,0,144,14.72625,36.30829,93,93,'NULL','2017-02-18 15:55:52'),(2475,3,0,144,14.73123,36.30806,93,93,'NULL','2017-02-18 15:56:52'),(2476,3,0,144,14.73620,36.30783,93,93,'NULL','2017-02-18 15:57:52'),(2477,2,0,159,33.02145,34.46899,290,290,'NULL','2017-02-18 15:58:18'),(2478,3,0,144,14.74118,36.30762,92,93,'NULL','2017-02-18 15:58:52'),(2479,3,0,144,14.74616,36.30741,93,93,'NULL','2017-02-18 15:59:52'),(2480,3,0,144,14.75115,36.30719,93,93,'NULL','2017-02-18 16:00:52'),(2481,3,0,145,14.75613,36.30696,93,93,'NULL','2017-02-18 16:01:52'),(2482,2,0,154,33.00031,34.47544,290,290,'NULL','2017-02-18 16:02:37'),(2483,3,0,144,14.76111,36.30673,93,93,'NULL','2017-02-18 16:02:52'),(2484,2,0,154,32.99446,34.47723,290,290,'NULL','2017-02-18 16:03:49'),(2485,3,0,144,14.76650,36.30650,92,93,'NULL','2017-02-18 16:03:57'),(2486,3,0,144,14.77147,36.30628,93,93,'NULL','2017-02-18 16:04:57'),(2487,3,0,144,14.77645,36.30604,93,93,'NULL','2017-02-18 16:05:57'),(2488,3,0,144,14.78142,36.30581,93,93,'NULL','2017-02-18 16:06:57'),(2489,3,0,144,14.78639,36.30559,93,93,'NULL','2017-02-18 16:07:57'),(2490,2,0,154,32.97256,34.48396,290,290,'NULL','2017-02-18 16:08:19'),(2491,3,0,144,14.79137,36.30535,93,94,'NULL','2017-02-18 16:08:57'),(2492,3,0,145,14.79634,36.30508,93,93,'NULL','2017-02-18 16:09:57'),(2493,2,0,155,32.96089,34.48767,291,289,'NULL','2017-02-18 16:10:43'),(2494,3,0,145,14.80133,36.30482,93,93,'NULL','2017-02-18 16:10:57'),(2495,3,0,145,14.80639,36.30459,93,93,'NULL','2017-02-18 16:11:58'),(2496,2,0,156,32.94975,34.49117,290,290,'NULL','2017-02-18 16:13:00'),(2497,3,0,145,14.81139,36.30436,93,93,'NULL','2017-02-18 16:12:58'),(2498,3,0,145,14.81639,36.30411,93,93,'NULL','2017-02-18 16:13:58'),(2499,3,0,145,14.82140,36.30390,92,93,'NULL','2017-02-18 16:14:58'),(2500,2,0,156,32.93838,34.49469,290,289,'NULL','2017-02-18 16:15:19'),(2501,3,0,146,14.82642,36.30371,92,93,'NULL','2017-02-18 16:15:58'),(2502,3,0,146,14.83136,36.30351,92,93,'NULL','2017-02-18 16:16:58'),(2503,2,0,156,32.92663,34.49835,290,290,'NULL','2017-02-18 16:17:43'),(2504,3,0,146,14.83697,36.30328,93,93,'NULL','2017-02-18 16:18:04'),(2505,3,0,146,14.84399,36.30301,92,93,'NULL','2017-02-18 16:19:28'),(2506,3,0,146,14.85043,36.30276,92,93,'NULL','2017-02-18 16:20:45'),(2507,3,0,146,14.85596,36.30256,92,93,'NULL','2017-02-18 16:21:51'),(2508,3,0,146,14.86157,36.30235,92,93,'NULL','2017-02-18 16:22:58'),(2509,2,0,155,32.89895,34.50709,291,290,'NULL','2017-02-18 16:23:24'),(2510,3,0,146,14.86701,36.30212,93,93,'NULL','2017-02-18 16:24:04'),(2511,2,0,155,32.89361,34.50881,291,289,'NULL','2017-02-18 16:24:30'),(2512,3,0,146,14.87202,36.30186,93,93,'NULL','2017-02-18 16:25:04'),(2513,3,0,145,14.87703,36.30165,92,92,'NULL','2017-02-18 16:26:04'),(2514,2,0,155,32.88277,34.51222,289,287,'NULL','2017-02-18 16:26:43'),(2515,3,0,145,14.88204,36.30157,90,91,'NULL','2017-02-18 16:27:04'),(2516,3,0,146,14.88708,36.30155,90,92,'NULL','2017-02-18 16:28:04'),(2517,3,0,147,14.89265,36.30150,90,92,'NULL','2017-02-18 16:29:10'),(2518,3,0,147,14.89773,36.30141,91,93,'NULL','2017-02-18 16:30:10'),(2519,3,0,148,14.90282,36.30127,91,92,'NULL','2017-02-18 16:31:10'),(2520,3,0,148,14.90791,36.30114,91,93,'NULL','2017-02-18 16:32:10'),(2521,3,0,148,14.91301,36.30099,92,92,'NULL','2017-02-18 16:33:10'),(2522,3,0,148,14.91812,36.30086,91,92,'NULL','2017-02-18 16:34:10'),(2523,3,0,148,14.92475,36.30069,91,92,'NULL','2017-02-18 16:35:27'),(2524,3,0,148,14.93036,36.30053,92,92,'NULL','2017-02-18 16:36:33'),(2525,2,0,159,32.83121,34.52583,287,286,'NULL','2017-02-18 16:36:54'),(2526,3,0,148,14.93596,36.30037,91,92,'NULL','2017-02-18 16:37:40'),(2527,3,0,148,14.94207,36.30021,91,92,'NULL','2017-02-18 16:38:52'),(2528,3,0,147,14.94766,36.30007,91,92,'NULL','2017-02-18 16:39:58'),(2529,3,0,146,14.95322,36.29993,91,92,'NULL','2017-02-18 16:41:04'),(2530,3,0,146,14.95826,36.29981,91,92,'NULL','2017-02-18 16:42:04'),(2531,3,0,146,14.96379,36.29967,91,92,'NULL','2017-02-18 16:43:10'),(2532,3,0,145,14.97031,36.29956,90,92,'NULL','2017-02-18 16:44:27'),(2533,3,0,145,14.97533,36.29948,91,92,'NULL','2017-02-18 16:45:27'),(2534,3,0,145,14.98034,36.29937,91,92,'NULL','2017-02-18 16:46:27'),(2535,2,0,158,32.77904,34.53831,284,284,'NULL','2017-02-18 16:47:00'),(2536,3,0,146,14.98536,36.29927,91,92,'NULL','2017-02-18 16:47:27'),(2537,2,0,158,32.77285,34.53961,284,285,'NULL','2017-02-18 16:48:13'),(2538,3,0,146,14.99190,36.29911,91,92,'NULL','2017-02-18 16:48:45'),(2539,2,0,158,32.76719,34.54075,283,284,'NULL','2017-02-18 16:49:19'),(2540,3,0,146,14.99854,36.29891,92,92,'NULL','2017-02-18 16:50:04'),(2541,2,0,157,32.56639,34.58139,284,283,'NULL','2017-02-18 17:29:01'),(2542,3,0,146,15.00804,36.29868,91,92,'NULL','2017-02-18 16:51:57'),(2543,3,0,147,15.01369,36.29853,91,92,'NULL','2017-02-18 16:53:04'),(2544,2,0,157,32.74355,34.54566,284,285,'NULL','2017-02-18 16:53:55'),(2545,3,0,147,15.01966,36.29832,92,92,'NULL','2017-02-18 16:54:16'),(2546,3,0,147,15.02582,36.29813,91,92,'NULL','2017-02-18 16:55:28'),(2547,3,0,147,15.03232,36.29790,92,92,'NULL','2017-02-18 16:56:45'),(2548,3,0,146,15.03796,36.29771,92,92,'NULL','2017-02-18 16:57:52'),(2549,2,0,155,32.72009,34.55041,283,285,'NULL','2017-02-18 16:58:30'),(2550,3,0,146,15.04340,36.29747,93,92,'NULL','2017-02-18 16:58:58'),(2551,2,0,154,32.71402,34.55164,283,284,'NULL','2017-02-18 16:59:42'),(2552,3,0,145,15.04891,36.29722,93,92,'NULL','2017-02-18 17:00:04'),(2553,3,0,145,15.05492,36.29701,92,91,'NULL','2017-02-18 17:01:16'),(2554,3,0,146,15.06094,36.29688,91,92,'NULL','2017-02-18 17:02:27'),(2555,2,0,153,32.69705,34.55514,284,285,'NULL','2017-02-18 17:03:06'),(2556,3,0,146,15.06699,36.29674,91,92,'NULL','2017-02-18 17:03:39'),(2557,2,0,153,32.69157,34.55631,284,284,'NULL','2017-02-18 17:04:12'),(2558,3,0,147,15.07315,36.29661,91,92,'NULL','2017-02-18 17:04:52'),(2559,2,0,153,32.68599,34.55748,284,284,'NULL','2017-02-18 17:05:19'),(2560,3,0,147,15.07865,36.29646,92,92,'NULL','2017-02-18 17:05:58'),(2561,3,0,148,15.08526,36.29627,92,93,'NULL','2017-02-18 17:07:15'),(2562,2,0,153,32.67499,34.55973,284,285,'NULL','2017-02-18 17:07:31'),(2563,3,0,148,15.09238,36.29600,92,93,'NULL','2017-02-18 17:08:39'),(2564,3,0,148,15.09797,36.29577,92,93,'NULL','2017-02-18 17:09:45'),(2565,3,0,148,15.10356,36.29555,92,94,'NULL','2017-02-18 17:10:51'),(2566,3,0,148,15.11018,36.29524,93,93,'NULL','2017-02-18 17:12:10'),(2567,3,0,148,15.11638,36.29497,93,93,'NULL','2017-02-18 17:13:22'),(2568,3,0,148,15.12191,36.29472,93,93,'NULL','2017-02-18 17:14:27'),(2569,3,0,149,15.12753,36.29447,93,93,'NULL','2017-02-18 17:15:33'),(2570,3,0,149,15.13315,36.29421,93,93,'NULL','2017-02-18 17:16:40'),(2571,3,0,148,15.13885,36.29393,93,93,'NULL','2017-02-18 17:17:46'),(2572,3,0,148,15.14396,36.29373,92,93,'NULL','2017-02-18 17:18:46'),(2573,2,0,154,32.61273,34.57209,283,283,'NULL','2017-02-18 17:19:55'),(2574,3,0,148,15.15050,36.29346,92,93,'NULL','2017-02-18 17:20:03'),(2575,2,0,154,32.60767,34.57308,283,282,'NULL','2017-02-18 17:20:55'),(2576,3,0,148,15.15611,36.29327,92,93,'NULL','2017-02-18 17:21:10'),(2577,3,0,148,15.16232,36.29298,94,99,'NULL','2017-02-18 17:22:22'),(2578,2,0,155,32.59701,34.57522,283,282,'NULL','2017-02-18 17:23:01'),(2579,3,0,147,15.16825,36.29219,101,104,'NULL','2017-02-18 17:23:33'),(2580,3,0,147,15.17424,36.29099,104,105,'NULL','2017-02-18 17:24:46'),(2581,3,0,147,15.18002,36.28970,105,106,'NULL','2017-02-18 17:25:57'),(2582,2,0,156,32.57869,34.57889,283,282,'NULL','2017-02-18 17:26:37'),(2583,3,0,147,15.18537,36.28847,105,103,'NULL','2017-02-18 17:27:03'),(2584,3,0,146,15.19078,36.28743,103,102,'NULL','2017-02-18 17:28:09'),(2585,3,0,147,15.19719,36.28628,102,103,'NULL','2017-02-18 17:29:28'),(2586,3,0,147,15.20262,36.28530,102,102,'NULL','2017-02-18 17:30:34'),(2587,3,0,147,15.20863,36.28421,102,101,'NULL','2017-02-18 17:31:46'),(2588,3,0,147,15.21448,36.28321,101,100,'NULL','2017-02-18 17:32:58'),(2589,3,0,147,15.22043,36.28229,100,100,'NULL','2017-02-18 17:34:09'),(2590,3,0,147,15.22640,36.28136,100,100,'NULL','2017-02-18 17:35:22'),(2591,3,0,147,15.23236,36.28043,100,100,'NULL','2017-02-18 17:36:34'),(2592,3,0,147,15.23832,36.27953,100,99,'NULL','2017-02-18 17:37:46'),(2593,3,0,146,15.24379,36.27876,99,98,'NULL','2017-02-18 17:38:51'),(2594,2,0,158,32.51443,34.59227,284,283,'NULL','2017-02-18 17:39:07'),(2595,3,0,146,15.25175,36.27778,98,97,'NULL','2017-02-18 17:40:27'),(2596,3,0,146,15.25722,36.27714,98,98,'NULL','2017-02-18 17:41:33'),(2597,2,0,159,32.49739,34.59593,284,282,'NULL','2017-02-18 17:42:25'),(2598,3,0,146,15.26318,36.27646,98,98,'NULL','2017-02-18 17:42:46'),(2599,3,0,145,15.27022,36.27569,97,98,'NULL','2017-02-18 17:44:10'),(2600,3,0,145,15.27657,36.27496,98,98,'NULL','2017-02-18 17:45:27'),(2601,3,0,145,15.28201,36.27432,98,98,'NULL','2017-02-18 17:46:33'),(2602,2,0,160,32.47400,34.60101,285,283,'NULL','2017-02-18 17:46:55'),(2603,3,0,145,15.28842,36.27356,97,98,'NULL','2017-02-18 17:47:51'),(2604,2,0,160,32.46783,34.60238,284,282,'NULL','2017-02-18 17:48:06'),(2605,3,0,145,15.29387,36.27296,98,98,'NULL','2017-02-18 17:48:58'),(2606,3,0,145,15.29989,36.27228,97,97,'NULL','2017-02-18 17:50:10'),(2607,3,0,145,15.30627,36.27167,96,95,'NULL','2017-02-18 17:51:28'),(2608,3,0,146,15.31227,36.27125,94,95,'NULL','2017-02-18 17:52:39'),(2609,3,0,146,15.31830,36.27081,95,96,'NULL','2017-02-18 17:53:51'),(2610,3,0,147,15.32383,36.27041,94,95,'NULL','2017-02-18 17:54:57'),(2611,3,0,147,15.32897,36.27009,94,95,'NULL','2017-02-18 17:55:58'),(2612,2,0,162,32.42221,34.61274,285,283,'NULL','2017-02-18 17:56:49'),(2613,3,0,148,15.33405,36.26975,94,95,'NULL','2017-02-18 17:56:58'),(2614,3,0,149,15.34060,36.26931,95,97,'NULL','2017-02-18 17:58:16'),(2615,3,0,149,15.34624,36.26888,95,97,'NULL','2017-02-18 17:59:21'),(2616,3,0,150,15.35241,36.26841,95,97,'NULL','2017-02-18 18:00:37'),(2617,2,0,163,32.39850,34.61829,285,283,'NULL','2017-02-18 18:01:19'),(2618,3,0,150,15.35909,36.26791,95,97,'NULL','2017-02-18 18:01:51'),(2619,3,0,150,15.36477,36.26747,95,97,'NULL','2017-02-18 18:02:57'),(2620,3,0,150,15.37047,36.26705,95,97,'NULL','2017-02-18 18:04:03'),(2621,3,0,150,15.37663,36.26654,95,98,'NULL','2017-02-18 18:05:16'),(2622,3,0,150,15.38230,36.26608,95,97,'NULL','2017-02-18 18:06:21'),(2623,2,0,165,32.36930,34.62521,286,283,'NULL','2017-02-18 18:06:48'),(2624,3,0,150,15.38744,36.26564,95,97,'NULL','2017-02-18 18:07:21'),(2625,2,0,165,32.36342,34.62663,286,283,'NULL','2017-02-18 18:07:55'),(2626,3,0,150,15.39524,36.26497,95,97,'NULL','2017-02-18 18:08:52'),(2627,3,0,149,15.40131,36.26460,92,90,'NULL','2017-02-18 18:10:03'),(2628,3,0,149,15.40645,36.26461,89,90,'NULL','2017-02-18 18:11:04'),(2629,2,0,166,32.34475,34.63111,286,283,'NULL','2017-02-18 18:11:24'),(2630,3,0,149,15.41315,36.26473,88,90,'NULL','2017-02-18 18:12:21'),(2631,2,0,166,32.33346,34.63381,285,283,'NULL','2017-02-18 18:13:30'),(2632,3,0,149,15.42035,36.26490,88,90,'NULL','2017-02-18 18:13:45'),(2633,3,0,150,15.42653,36.26499,89,90,'NULL','2017-02-18 18:14:58'),(2634,3,0,149,15.43219,36.26512,88,90,'NULL','2017-02-18 18:16:04'),(2635,3,0,150,15.43838,36.26523,88,91,'NULL','2017-02-18 18:17:16'),(2636,3,0,150,15.44510,36.26532,89,90,'NULL','2017-02-18 18:18:34'),(2637,2,0,161,32.30401,34.64026,284,283,'NULL','2017-02-18 18:19:00'),(2638,3,0,149,15.45183,36.26541,89,90,'NULL','2017-02-18 18:19:52'),(2639,3,0,150,15.45751,36.26546,89,90,'NULL','2017-02-18 18:20:57'),(2640,3,0,150,15.46732,36.26552,89,90,'NULL','2017-02-18 18:22:52'),(2641,3,0,150,15.47564,36.26563,89,90,'NULL','2017-02-18 18:24:28'),(2642,3,0,150,15.48239,36.26567,89,90,'NULL','2017-02-18 18:25:46'),(2643,3,0,151,15.48757,36.26566,90,90,'NULL','2017-02-18 18:26:46'),(2644,2,0,160,32.26254,34.64861,283,283,'NULL','2017-02-18 18:26:54'),(2645,3,0,151,15.49538,36.26567,90,90,'NULL','2017-02-18 18:28:15'),(2646,2,0,158,32.24539,34.65206,284,283,'NULL','2017-02-18 18:30:12'),(2647,3,0,151,15.51307,36.26552,90,90,'NULL','2017-02-18 18:31:39'),(2648,2,0,158,32.23505,34.65422,284,283,'NULL','2017-02-18 18:32:12'),(2649,3,0,145,15.55202,36.26611,87,91,'NULL','2017-02-18 18:39:16'),(2650,2,0,160,32.19477,34.66241,283,283,'NULL','2017-02-18 18:39:54'),(2651,2,0,159,32.18267,34.66465,282,283,'NULL','2017-02-18 18:42:13'),(2652,2,0,157,32.14736,34.67113,282,283,'NULL','2017-02-18 18:49:01'),(2653,2,0,157,32.14169,34.67219,282,282,'NULL','2017-02-18 18:50:07'),(2654,2,0,157,32.13610,34.67323,282,283,'NULL','2017-02-18 18:51:12'),(2655,3,0,145,15.62203,36.26777,90,92,'NULL','2017-02-18 18:53:17'),(2656,3,0,145,15.62751,36.26768,90,92,'NULL','2017-02-18 18:54:21'),(2657,2,0,157,32.11234,34.67776,282,282,'NULL','2017-02-18 18:55:49'),(2658,3,0,145,15.63649,36.26759,90,92,'NULL','2017-02-18 18:56:10'),(2659,2,0,157,32.10105,34.67995,283,283,'NULL','2017-02-18 18:58:01'),(2660,2,0,156,32.09541,34.68103,283,282,'NULL','2017-02-18 18:59:07'),(2661,2,0,156,32.07749,34.68447,282,282,'NULL','2017-02-18 19:02:36'),(2662,2,0,157,32.07185,34.68555,282,282,'NULL','2017-02-18 19:03:42'),(2663,3,0,143,15.72669,36.26652,90,92,'NULL','2017-02-18 19:14:22'),(2664,3,0,143,15.70591,36.26670,90,92,'NULL','2017-02-18 19:10:09'),(2665,2,0,157,32.03690,34.69233,283,283,'NULL','2017-02-18 19:10:30'),(2666,3,0,143,15.71627,36.26659,91,92,'NULL','2017-02-18 19:12:16'),(2667,3,0,142,15.73888,36.26634,91,93,'NULL','2017-02-18 19:16:51'),(2668,3,0,142,15.74483,36.26623,91,93,'NULL','2017-02-18 19:18:04'),(2669,2,0,157,31.99163,34.70125,283,283,'NULL','2017-02-18 19:19:18'),(2670,2,0,158,31.95133,34.70921,283,283,'NULL','2017-02-18 19:27:06'),(2671,2,0,158,31.90416,34.71825,283,283,'NULL','2017-02-18 19:36:12'),(2672,2,0,158,31.89788,34.71947,283,283,'NULL','2017-02-18 19:37:24'),(2673,2,0,158,31.88029,34.72294,283,283,'NULL','2017-02-18 19:40:48'),(2674,2,0,158,31.86265,34.72643,283,283,'NULL','2017-02-18 19:44:13'),(2675,2,0,159,31.82158,34.73454,283,283,'NULL','2017-02-18 19:52:07'),(2676,2,0,158,31.80388,34.73789,282,282,'NULL','2017-02-18 19:55:31'),(2677,3,0,144,15.96756,36.25863,92,93,'NULL','2017-02-18 20:03:21'),(2678,2,0,157,31.76280,34.74562,284,284,'NULL','2017-02-18 20:03:25'),(2679,2,0,157,31.75152,34.74809,284,284,'NULL','2017-02-18 20:05:37'),(2680,2,0,157,31.74589,34.74931,284,284,'NULL','2017-02-18 20:06:42'),(2681,2,0,156,31.70552,34.75784,284,286,'NULL','2017-02-18 20:14:37'),(2682,2,0,158,31.67028,34.76574,285,286,'NULL','2017-02-18 20:21:31'),(2683,2,0,158,31.66422,34.76713,285,285,'NULL','2017-02-18 20:22:42'),(2684,2,0,158,31.64666,34.77121,285,286,'NULL','2017-02-18 20:26:07'),(2685,2,0,158,31.62925,34.77536,286,286,'NULL','2017-02-18 20:29:31'),(2686,2,0,158,31.57162,34.78968,287,286,'NULL','2017-02-18 20:40:48'),(2687,2,0,158,31.56601,34.79115,287,286,'NULL','2017-02-18 20:41:54'),(2688,2,0,158,31.56041,34.79261,287,285,'NULL','2017-02-18 20:43:00'),(2689,2,0,159,31.54764,34.79597,287,285,'NULL','2017-02-18 20:45:30'),(2690,2,0,161,31.49384,34.80982,287,286,'NULL','2017-02-18 20:55:54'),(2691,2,0,161,31.47452,34.81476,287,285,'NULL','2017-02-18 20:59:36'),(2692,2,0,160,31.46114,34.81816,287,286,'NULL','2017-02-18 21:02:12'),(2693,2,0,161,31.45493,34.81979,287,286,'NULL','2017-02-18 21:03:24'),(2694,2,0,160,31.43108,34.82611,287,285,'NULL','2017-02-18 21:08:00'),(2695,2,0,159,31.41354,34.83061,286,285,'NULL','2017-02-18 21:11:25'),(2696,2,0,158,31.37743,34.83893,285,286,'NULL','2017-02-18 21:18:24');
/*!40000 ALTER TABLE `vessel_tracks` ENABLE KEYS */;
UNLOCK TABLES;

--
-- Table structure for table `vessels`
--

DROP TABLE IF EXISTS `vessels`;
/*!40101 SET @saved_cs_client     = @@character_set_client */;
/*!40101 SET character_set_client = utf8 */;
CREATE TABLE `vessels` (
  `id` int(11) NOT NULL AUTO_INCREMENT,
  `mmsi` int(11) NOT NULL,
  PRIMARY KEY (`id`),
  KEY `vessels_mmsi_index` (`mmsi`)
) ENGINE=InnoDB AUTO_INCREMENT=4 DEFAULT CHARSET=utf8 COLLATE=utf8_unicode_ci;
/*!40101 SET character_set_client = @saved_cs_client */;

--
-- Dumping data for table `vessels`
--

LOCK TABLES `vessels` WRITE;
/*!40000 ALTER TABLE `vessels` DISABLE KEYS */;
INSERT INTO `vessels` VALUES (1,247039300),(2,311040700),(3,311486000);
/*!40000 ALTER TABLE `vessels` ENABLE KEYS */;
UNLOCK TABLES;
/*!40103 SET TIME_ZONE=@OLD_TIME_ZONE */;

/*!40101 SET SQL_MODE=@OLD_SQL_MODE */;
/*!40014 SET FOREIGN_KEY_CHECKS=@OLD_FOREIGN_KEY_CHECKS */;
/*!40014 SET UNIQUE_CHECKS=@OLD_UNIQUE_CHECKS */;
/*!40101 SET CHARACTER_SET_CLIENT=@OLD_CHARACTER_SET_CLIENT */;
/*!40101 SET CHARACTER_SET_RESULTS=@OLD_CHARACTER_SET_RESULTS */;
/*!40101 SET COLLATION_CONNECTION=@OLD_COLLATION_CONNECTION */;
/*!40111 SET SQL_NOTES=@OLD_SQL_NOTES */;

-- Dump completed on 2017-11-01  3:44:06
